index,education_many,education_few,shopping_many,shopping_few,leisure_many,leisure_few,accompany
DE111_0,921,187,1870,92,1572,114,1172
DE112_0,239,1,455,21,325,27,346
DE112_1,121,2,241,4,167,6,149
DE112_2,68,0,142,1,125,12,94
DE112_3,89,0,126,2,86,4,74
DE112_4,56,0,99,0,68,9,60
DE112_5,86,1,129,6,116,9,115
DE112_6,32,0,39,0,29,3,33
DE113_0,141,0,243,3,197,17,155
DE113_1,242,20,441,14,302,22,336
DE113_2,59,0,90,0,97,8,57
DE113_3,162,0,241,5,205,22,159
DE113_4,131,23,216,6,234,16,131
DE113_5,74,0,154,2,113,4,80
DE113_6,69,0,174,4,136,9,94
DE114_0,121,1,306,8,203,17,177
DE114_1,70,4,189,7,157,12,91
DE114_2,61,0,113,2,88,9,70
DE114_3,20,0,49,0,56,2,26
DE114_4,6,0,6,0,13,1,7
DE114_5,22,0,32,0,26,1,25
DE114_6,24,1,47,2,61,17,31
DE115_0,183,17,407,7,391,23,266
DE115_1,167,1,320,7,268,24,203
DE115_2,79,0,117,4,103,5,93
DE115_3,93,0,131,0,125,8,108
DE115_4,124,0,199,5,148,8,129
DE115_5,91,1,133,1,96,14,100
DE115_6,57,2,102,3,98,3,74
DE115_7,24,0,17,0,20,1,24
DE116_0,341,5,481,21,324,24,364
DE116_1,106,0,212,5,161,15,136
DE116_2,237,0,405,3,363,24,191
DE116_3,39,0,54,3,162,8,46
DE116_4,30,0,52,1,67,3,34
DE116_5,103,0,165,4,130,13,106
DE116_6,19,0,37,2,32,3,22
DE117_0,168,25,397,12,446,22,194
DE118_0,89,0,196,9,186,9,106
DE118_1,78,0,143,2,232,14,93
DE118_2,59,2,120,3,125,7,75
DE118_3,14,0,52,2,84,5,15
DE118_4,54,0,80,3,215,3,64
DE118_5,93,1,139,1,190,8,92
DE118_6,37,0,58,0,69,4,33
DE118_7,88,0,82,2,132,7,58
DE118_8,62,0,99,1,128,2,67
DE119_0,71,0,141,2,127,9,86
DE119_1,70,7,69,2,125,8,86
DE119_2,29,0,32,0,92,4,30
DE119_3,39,2,49,0,64,1,27
DE11A_0,46,0,63,0,113,8,42
DE11A_1,84,2,162,10,190,18,119
DE11A_2,37,0,43,1,86,5,38
DE11A_3,75,1,109,1,154,11,107
DE11A_4,12,0,35,1,37,1,16
DE11A_5,14,0,12,0,49,3,19
DE11A_6,31,0,42,0,71,3,36
DE11A_7,8,0,10,0,19,1,8
DE11B_0,69,0,135,6,175,4,107
DE11B_1,27,0,49,0,55,4,36
DE11B_2,44,1,191,4,87,3,54
DE11B_3,15,0,20,0,35,2,12
DE11B_4,60,1,154,18,178,7,96
DE11B_5,17,0,4,0,33,4,7
DE11B_6,5,0,24,1,25,1,4
DE11C_0,41,0,57,0,47,2,32
DE11C_1,92,0,99,1,130,2,70
DE11C_2,23,1,61,0,54,3,29
DE11C_3,85,2,171,2,157,13,119
DE11C_4,19,0,19,0,32,1,17
DE11C_5,7,0,7,0,19,1,10
DE11D_0,71,0,126,1,154,11,77
DE11D_1,85,0,119,2,136,4,82
DE11D_2,54,0,59,5,106,1,45
DE11D_3,162,10,287,6,260,17,168
DE11D_4,160,18,413,23,322,13,293
DE11D_5,33,0,57,1,44,5,44
DE11D_6,10,0,4,0,15,1,10
DE11D_7,25,0,34,1,32,1,16
DE121_0,93,0,262,15,223,18,100
DE122_0,544,238,1152,86,1280,69,782
DE123_0,123,0,328,19,361,29,202
DE123_1,99,0,234,11,271,10,143
DE123_2,115,0,186,1,219,17,95
DE123_3,41,0,93,2,98,10,49
DE123_4,53,0,98,0,134,7,69
DE123_5,43,2,106,9,99,9,74
DE123_6,190,285,171,3,220,11,123
DE123_7,31,0,71,0,75,4,34
DE123_8,66,0,102,5,173,7,76
DE124_0,153,1,349,5,378,17,152
DE124_1,59,0,109,4,104,9,68
DE124_2,25,0,47,1,52,1,21
DE124_3,85,0,160,7,129,11,105
DE124_4,38,0,50,1,42,5,32
DE124_5,5,0,11,4,43,2,9
DE124_6,34,0,33,3,112,8,37
DE125_0,336,187,618,68,682,32,458
DE126_0,721,62,1319,40,926,56,871
DE127_0,70,0,135,11,268,11,94
DE127_1,31,0,38,1,96,2,32
DE127_2,68,7,127,4,166,4,92
DE127_3,22,0,52,0,109,3,33
DE127_4,37,0,35,1,120,0,37
DE127_5,15,0,39,1,42,5,28
DE128_0,90,0,164,5,226,16,107
DE128_1,121,0,209,4,240,10,147
DE128_10,24,0,33,2,67,1,22
DE128_2,149,1,304,10,274,23,143
DE128_3,58,0,136,0,201,12,80
DE128_4,163,0,275,6,247,17,154
DE128_5,21,0,58,1,81,1,34
DE128_6,146,0,156,1,128,6,109
DE128_7,85,0,132,0,157,6,92
DE128_8,35,0,39,1,38,3,45
DE128_9,80,1,98,0,129,3,64
DE129_0,164,11,279,24,271,19,216
DE12A_0,52,0,117,1,101,9,56
DE12A_1,48,0,53,2,95,7,47
DE12A_2,72,1,123,41,136,12,131
DE12A_3,43,1,88,25,190,15,67
DE12A_4,29,0,37,0,45,1,21
DE12B_0,49,0,78,0,73,4,54
DE12B_1,60,0,84,4,89,5,81
DE12B_2,57,0,98,2,100,4,69
DE12B_3,33,0,63,0,64,1,44
DE12B_4,21,0,41,0,77,2,26
DE12B_5,12,0,32,0,22,0,14
DE12B_6,21,0,53,0,27,5,32
DE12B_7,17,0,46,1,47,0,24
DE12B_8,22,0,16,0,29,0,22
DE12C_0,79,1,189,9,257,18,104
DE12C_1,51,0,81,2,83,2,41
DE12C_2,16,0,31,4,55,3,25
DE12C_3,45,2,81,1,83,3,57
DE131_0,417,190,923,98,899,49,613
DE132_0,81,0,205,13,632,18,115
DE132_1,43,0,107,5,238,17,33
DE132_2,69,0,78,3,181,8,67
DE132_3,94,3,134,7,227,12,106
DE132_4,110,0,153,1,345,5,73
DE132_5,32,1,58,3,27,3,40
DE132_6,15,0,20,0,43,7,21
DE132_7,90,0,86,0,124,2,54
DE133_0,66,0,153,2,240,12,76
DE133_1,133,0,105,1,140,5,58
DE133_2,170,0,282,20,335,14,185
DE133_3,38,0,106,0,136,2,50
DE134_0,149,1,209,19,474,7,195
DE134_1,264,11,385,21,417,30,262
DE134_2,128,2,202,10,381,8,126
DE134_3,32,0,67,0,104,5,44
DE134_4,37,0,69,7,93,4,58
DE134_5,150,0,187,10,198,14,128
DE134_6,72,0,133,5,255,10,79
DE134_7,74,3,107,8,159,10,70
DE134_8,11,0,23,0,66,4,11
DE135_0,53,0,104,1,78,4,77
DE135_1,49,0,97,1,109,9,55
DE135_2,19,0,39,0,34,3,27
DE135_3,106,0,142,32,139,15,125
DE135_4,11,0,12,0,10,1,16
DE136_0,41,0,54,2,63,2,50
DE136_1,40,14,88,7,137,12,58
DE136_2,193,13,451,6,254,25,264
DE136_3,12,0,18,0,26,1,15
DE136_4,39,0,82,4,105,3,32
DE136_5,4,0,11,0,9,1,4
DE136_6,54,1,117,7,125,8,58
DE137_0,49,0,125,2,76,8,74
DE137_1,20,3,57,0,34,4,18
DE137_2,69,2,143,3,131,6,86
DE137_3,18,0,25,0,35,1,12
DE137_4,16,0,21,0,34,4,13
DE138_0,160,2,308,23,369,26,247
DE138_1,45,0,77,7,72,5,49
DE138_2,121,55,382,12,382,32,180
DE138_3,53,0,78,3,129,5,61
DE138_4,44,0,62,2,109,4,38
DE138_5,11,0,10,0,17,0,10
DE139_0,18,0,25,0,65,4,22
DE139_1,13,0,29,1,85,3,19
DE139_2,56,0,143,3,152,7,71
DE139_3,83,5,167,9,154,15,123
DE139_4,65,0,93,2,151,5,80
DE139_5,35,0,61,4,121,6,44
DE139_6,44,1,109,2,91,5,64
DE13A_0,89,0,179,10,151,12,117
DE13A_1,23,0,32,2,65,6,26
DE13A_2,44,0,63,3,81,8,47
DE13A_3,33,0,58,0,44,1,30
DE13A_4,95,1,185,8,171,10,137
DE13A_5,10,0,40,1,32,1,11
DE13A_6,24,0,63,9,119,8,35
DE141_0,59,0,127,8,140,8,93
DE141_1,83,2,257,2,119,8,87
DE141_2,58,0,56,1,44,3,56
DE141_3,49,0,95,1,84,8,62
DE141_4,212,23,448,9,293,22,295
DE141_5,5,0,10,0,30,3,4
DE142_0,155,0,154,4,100,8,136
DE142_1,33,0,35,1,43,5,29
DE142_2,241,163,364,40,347,17,320
DE142_3,49,0,51,0,39,3,31
DE142_4,129,4,166,4,123,12,125
DE142_5,19,0,14,0,16,0,15
DE143_0,74,0,119,16,105,17,83
DE143_1,51,1,122,2,95,6,72
DE143_2,18,0,35,1,32,4,20
DE143_3,13,0,12,0,15,1,11
DE143_4,6,0,18,0,16,2,7
DE143_5,11,0,26,0,23,2,12
DE143_6,46,3,159,5,124,8,52
DE143_7,11,0,16,0,26,2,10
DE144_0,243,48,528,32,441,25,360
DE145_0,89,0,111,0,71,6,97
DE145_1,85,0,120,1,133,7,84
DE145_2,92,0,102,2,101,10,96
DE145_3,55,0,64,0,59,1,52
DE145_4,52,0,83,3,86,2,61
DE145_5,22,0,42,0,20,2,22
DE145_6,41,0,40,0,54,0,30
DE146_0,44,0,82,0,116,4,43
DE146_1,73,0,122,2,116,14,80
DE146_2,41,1,74,3,81,4,54
DE146_3,24,0,36,4,90,5,32
DE146_4,127,9,189,11,176,12,148
DE147_0,109,0,199,1,214,17,107
DE147_1,50,0,122,7,222,16,69
DE147_2,245,7,427,19,331,22,261
DE147_3,75,1,90,7,158,10,101
DE148_0,113,1,164,5,125,11,108
DE148_1,41,4,84,20,88,9,75
DE148_2,41,0,76,2,51,7,54
DE148_3,56,0,115,12,108,12,66
DE148_4,83,0,161,7,180,6,99
DE148_5,29,0,45,0,67,3,33
DE148_6,195,20,345,4,397,17,237
DE149_0,80,1,152,8,176,10,91
DE149_1,22,0,75,0,54,3,24
DE149_2,20,0,25,0,25,3,11
DE149_3,31,0,68,1,56,7,37
DE149_4,36,0,76,11,51,5,56
DE149_5,19,0,33,3,36,1,31
DE211_0,129,4,442,17,335,22,210
DE212_0,1863,141,4812,223,3941,214,2699
DE213_0,94,1,279,18,138,9,136
DE214_0,38,0,56,3,82,2,50
DE214_1,18,0,41,0,37,3,20
DE214_2,25,0,23,0,34,2,21
DE214_3,24,0,83,1,45,0,33
DE214_4,12,0,39,1,37,3,17
DE214_5,42,4,90,5,106,8,56
DE214_6,9,0,10,0,32,0,5
DE215_0,53,1,135,12,119,10,65
DE215_1,19,0,43,2,88,5,17
DE215_2,8,0,45,1,65,2,9
DE215_3,35,0,91,2,72,6,50
DE215_4,15,0,20,0,23,1,8
DE215_5,3,0,5,0,28,0,2
DE215_6,2,0,0,0,18,0,2
DE215_7,19,1,48,0,45,3,31
DE215_8,3,0,22,2,31,4,4
DE216_0,70,0,92,0,76,4,60
DE216_1,13,0,18,0,54,2,8
DE216_2,26,2,53,0,100,5,27
DE216_3,30,0,87,4,79,6,38
DE216_4,10,0,24,0,49,3,11
DE216_5,5,0,40,1,39,2,7
DE216_6,34,1,78,4,87,4,50
DE217_0,13,0,18,1,7,0,10
DE217_1,24,0,42,2,21,1,23
DE217_2,15,0,36,0,29,1,17
DE217_3,12,0,28,0,26,1,6
DE217_4,75,1,178,5,155,4,97
DE217_5,11,0,17,1,12,1,10
DE217_6,12,0,22,1,11,1,12
DE217_7,16,0,28,1,18,0,11
DE217_8,9,0,8,0,4,0,9
DE217_9,4,0,9,0,5,0,5
DE218_0,70,0,169,4,122,7,124
DE218_1,49,0,79,1,46,3,46
DE218_2,38,0,145,2,92,3,52
DE218_3,8,0,9,0,12,0,10
DE218_4,29,1,38,0,19,0,33
DE218_5,40,0,64,2,82,2,50
DE218_6,36,0,49,1,50,4,31
DE218_7,9,0,20,0,29,0,11
DE219_0,27,0,71,1,63,4,35
DE219_1,5,0,15,0,27,1,8
DE219_2,33,0,81,0,85,2,33
DE219_3,17,0,35,0,33,1,18
DE219_4,71,8,116,2,102,7,85
DE219_5,10,0,13,0,15,1,11
DE219_6,20,0,52,0,32,1,28
DE219_7,4,0,8,0,23,1,2
DE219_8,12,0,16,2,68,1,9
DE21A_0,56,0,91,3,64,5,43
DE21A_1,32,0,26,1,16,0,12
DE21A_2,35,0,51,0,63,1,28
DE21A_3,40,0,39,1,52,0,22
DE21A_4,100,1,271,4,119,6,144
DE21A_5,10,0,9,0,8,0,8
DE21A_6,21,0,37,0,65,0,29
DE21A_7,24,0,19,0,15,0,21
DE21B_0,33,0,67,1,65,2,33
DE21B_1,117,85,253,13,240,12,154
DE21B_2,27,0,43,0,42,0,26
DE21B_3,68,1,146,3,89,6,63
DE21B_4,14,0,15,0,39,0,12
DE21B_5,57,0,86,3,75,2,55
DE21B_6,8,0,11,0,11,0,8
DE21C_0,11,0,18,0,9,2,11
DE21C_1,63,0,154,5,86,8,100
DE21C_2,130,1,288,11,136,18,173
DE21C_3,21,0,27,0,31,1,25
DE21C_4,13,0,10,0,32,0,9
DE21C_5,50,1,57,0,40,1,36
DE21C_6,61,0,137,0,97,4,68
DE21C_7,4,0,2,0,9,1,4
DE21D_0,42,1,63,1,101,4,18
DE21D_1,28,0,66,3,103,5,34
DE21D_2,11,1,53,2,97,5,14
DE21D_3,32,1,131,3,172,11,34
DE21D_4,17,0,16,0,28,2,6
DE21D_5,9,0,32,0,17,1,13
DE21E_0,16,0,25,0,28,5,18
DE21E_1,22,1,25,0,41,1,25
DE21E_2,27,0,37,0,69,7,14
DE21E_3,108,0,216,4,174,12,88
DE21E_4,3,0,12,1,22,0,6
DE21E_5,51,0,61,2,71,3,69
DE21E_6,12,0,20,0,13,3,11
DE21F_0,33,1,112,7,114,4,42
DE21F_1,90,0,129,0,69,8,57
DE21F_2,33,0,25,0,33,0,18
DE21F_3,18,0,39,1,51,4,11
DE21F_4,20,0,70,0,105,4,14
DE21F_5,27,0,79,4,31,1,35
DE21F_6,6,0,9,1,17,2,3
DE21G_0,15,0,15,0,36,1,21
DE21G_1,71,3,121,4,79,7,82
DE21G_2,18,0,19,0,114,1,11
DE21G_3,24,0,29,1,43,1,24
DE21G_4,18,0,19,0,85,1,14
DE21G_5,30,1,33,3,35,2,33
DE21G_6,39,0,55,0,71,3,33
DE21G_7,17,0,10,0,50,2,12
DE21H_0,82,0,157,11,275,8,137
DE21H_1,39,0,102,0,33,2,39
DE21H_2,82,34,145,2,136,9,100
DE21H_3,140,55,340,7,251,15,228
DE21H_4,100,0,166,61,166,13,166
DE21H_5,34,0,38,0,76,0,30
DE21H_6,27,0,29,0,36,1,22
DE21H_7,46,2,77,2,81,5,60
DE21H_8,66,3,163,7,238,3,86
DE21H_9,12,0,32,0,6,1,15
DE21I_0,49,1,111,2,90,5,50
DE21I_1,9,0,24,0,23,1,10
DE21I_2,44,0,86,1,71,3,54
DE21I_3,8,0,18,0,14,1,6
DE21I_4,4,0,12,0,12,0,2
DE21I_5,8,0,5,0,25,0,4
DE21J_0,42,0,69,3,72,3,49
DE21J_1,51,0,157,4,177,4,67
DE21J_2,16,0,22,0,56,2,14
DE21J_3,19,0,63,1,54,1,26
DE21J_4,9,0,37,0,14,2,7
DE21J_5,11,0,21,0,25,1,10
DE21J_6,10,0,12,0,9,0,8
DE21J_7,4,0,7,0,14,0,2
DE21K_0,57,0,136,19,150,8,71
DE21K_1,46,0,84,2,89,8,47
DE21K_10,31,0,59,4,51,7,29
DE21K_11,11,0,43,1,45,6,15
DE21K_2,37,0,41,0,47,1,23
DE21K_3,34,0,46,0,54,3,26
DE21K_4,39,0,77,2,103,6,44
DE21K_5,111,1,186,25,140,11,141
DE21K_6,41,0,56,2,79,1,38
DE21K_7,30,0,35,0,38,6,24
DE21K_8,49,1,97,0,49,3,39
DE21K_9,17,0,35,2,57,6,22
DE21L_0,25,1,50,4,115,8,36
DE21L_1,45,1,84,1,101,6,67
DE21L_2,17,1,52,1,56,2,20
DE21L_3,23,0,75,2,63,8,28
DE21L_4,39,0,83,0,124,4,45
DE21L_5,25,0,74,0,46,4,40
DE21M_0,17,0,53,1,89,5,15
DE21M_1,25,1,44,2,33,4,26
DE21M_10,82,0,111,4,81,6,73
DE21M_11,6,0,16,0,53,2,7
DE21M_12,13,0,31,0,38,1,13
DE21M_2,20,0,48,1,61,5,21
DE21M_3,20,0,22,0,25,2,16
DE21M_4,79,1,200,7,191,9,95
DE21M_5,17,0,36,8,35,2,21
DE21M_6,32,0,65,4,69,6,30
DE21M_7,20,0,24,1,7,4,17
DE21M_8,3,0,24,0,32,4,5
DE21M_9,19,1,26,0,38,1,14
DE21N_0,19,0,50,1,68,2,21
DE21N_1,11,0,17,0,28,2,4
DE21N_2,40,0,77,3,51,2,47
DE21N_3,37,1,94,1,64,7,45
DE21N_4,67,2,142,2,142,7,65
DE21N_5,13,0,27,0,25,4,15
DE21N_6,17,1,22,8,74,1,18
DE21N_7,15,0,12,0,28,0,17
DE221_0,96,7,381,15,283,15,153
DE222_0,54,18,295,12,316,8,83
DE223_0,61,4,213,6,254,9,85
DE224_0,5,0,5,0,29,1,6
DE224_1,72,13,190,9,149,8,83
DE224_2,19,0,37,0,52,1,17
DE224_3,16,0,53,1,38,3,19
DE224_4,10,0,14,0,19,2,13
DE224_5,20,0,58,0,51,5,30
DE224_6,12,0,10,0,31,1,6
DE224_7,17,0,24,0,25,3,14
DE225_0,20,2,69,1,63,8,29
DE225_1,6,0,6,0,24,0,1
DE225_2,14,0,43,1,64,2,11
DE225_3,9,0,45,1,65,7,15
DE225_4,8,0,9,0,15,0,7
DE225_5,1,0,9,1,17,1,3
DE225_6,17,0,33,0,31,3,24
DE225_7,7,0,8,0,59,2,5
DE225_8,20,3,61,8,45,5,34
DE225_9,2,0,6,0,21,1,2
DE226_0,7,0,16,0,45,1,8
DE226_1,21,0,51,3,71,5,27
DE226_2,16,0,47,2,51,1,15
DE226_3,15,0,26,0,14,2,15
DE226_4,42,0,80,4,43,2,34
DE226_5,32,0,64,1,52,9,33
DE226_6,8,0,2,0,20,0,8
DE226_7,13,0,23,0,28,3,12
DE227_0,14,0,42,0,48,1,19
DE227_1,39,1,52,0,37,1,30
DE227_2,25,0,66,0,25,4,26
DE227_3,17,0,41,0,69,0,15
DE227_4,42,0,55,4,63,3,50
DE227_5,39,0,60,0,50,4,29
DE227_6,39,0,115,1,63,3,43
DE227_7,19,0,20,0,31,0,14
DE227_8,16,0,43,1,38,1,15
DE228_0,27,0,36,0,77,8,23
DE228_1,25,0,36,2,39,4,31
DE228_10,8,0,15,0,22,0,9
DE228_11,5,0,68,2,127,6,9
DE228_2,29,0,53,12,80,7,37
DE228_3,28,1,82,4,52,4,36
DE228_4,20,0,46,0,345,2,26
DE228_5,15,0,52,0,285,5,17
DE228_6,10,0,20,1,18,2,8
DE228_7,29,0,52,0,66,5,37
DE228_8,13,0,17,1,9,0,11
DE228_9,7,0,34,2,23,1,11
DE229_0,14,0,26,1,66,2,9
DE229_1,47,1,119,11,80,8,43
DE229_2,13,0,20,1,28,0,11
DE229_3,7,0,58,3,100,4,8
DE229_4,14,0,15,0,14,0,10
DE229_5,6,0,9,0,21,3,5
DE229_6,5,0,4,0,13,0,7
DE229_7,7,0,28,0,58,2,9
DE229_8,8,1,8,0,8,1,2
DE22A_0,15,0,19,0,23,2,10
DE22A_1,7,0,17,1,63,2,10
DE22A_2,22,0,75,2,35,5,31
DE22A_3,17,0,14,0,10,0,16
DE22A_4,23,0,76,2,35,6,33
DE22A_5,6,0,27,1,55,2,8
DE22A_6,18,0,22,1,23,1,5
DE22A_7,25,0,72,4,37,1,42
DE22A_8,7,0,9,0,13,2,5
DE22B_0,33,0,68,3,125,9,32
DE22B_1,14,0,28,0,24,4,14
DE22B_2,16,0,30,1,13,3,21
DE22B_3,14,0,22,0,35,2,16
DE22B_4,6,0,25,0,23,3,3
DE22B_5,5,0,19,0,22,1,6
DE22B_6,8,0,8,1,8,2,5
DE22B_7,10,1,35,5,17,2,23
DE22B_8,5,0,9,0,7,1,7
DE22C_0,63,1,112,7,80,6,65
DE22C_1,21,0,20,1,35,1,9
DE22C_2,26,0,71,2,59,4,35
DE22C_3,8,0,22,1,14,3,7
DE22C_4,11,0,20,1,106,5,13
DE22C_5,14,0,18,1,24,3,13
DE22C_6,10,0,12,0,16,1,3
DE231_0,52,11,215,5,122,7,92
DE232_0,230,57,652,94,571,32,413
DE233_0,86,3,276,10,167,8,96
DE234_0,23,0,47,2,56,3,32
DE234_1,39,3,71,3,68,7,48
DE234_2,24,0,26,0,28,2,18
DE234_3,19,0,25,2,54,3,17
DE234_4,19,0,13,0,20,2,12
DE234_5,8,0,9,0,6,2,7
DE234_6,27,0,32,0,35,1,12
DE234_7,5,0,18,0,19,5,8
DE234_8,16,0,29,1,38,1,10
DE234_9,18,0,19,0,13,1,7
DE235_0,16,0,34,1,36,3,14
DE235_1,6,0,18,0,30,3,7
DE235_10,9,0,13,0,28,1,11
DE235_11,14,0,20,0,29,2,16
DE235_2,14,0,24,0,29,2,8
DE235_3,66,0,112,14,104,3,89
DE235_4,11,0,24,0,17,1,15
DE235_5,5,0,18,2,78,3,6
DE235_6,17,0,54,1,58,6,18
DE235_7,17,0,61,5,69,12,30
DE235_8,2,0,10,0,13,2,0
DE235_9,18,1,36,2,42,4,16
DE236_0,17,1,56,7,48,3,25
DE236_1,20,0,58,0,60,4,21
DE236_2,47,0,43,2,80,4,31
DE236_3,106,0,192,15,168,7,122
DE236_4,14,0,47,0,54,2,9
DE236_5,3,0,3,0,5,0,3
DE236_6,6,0,11,0,11,0,7
DE237_0,18,0,31,2,71,5,25
DE237_1,10,0,37,1,66,7,11
DE237_2,39,0,101,24,88,4,63
DE237_3,2,0,26,0,21,1,5
DE237_4,19,0,43,1,47,2,23
DE237_5,13,0,13,0,19,1,14
DE237_6,8,0,13,0,19,0,5
DE237_7,11,0,22,0,53,0,10
DE237_8,9,0,23,0,42,0,8
DE238_0,36,1,65,0,33,4,37
DE238_1,16,0,63,4,51,3,25
DE238_2,36,0,78,0,107,1,34
DE238_3,19,0,23,0,33,0,15
DE238_4,19,0,30,1,21,0,28
DE238_5,39,1,79,2,80,0,53
DE238_6,30,0,36,0,61,0,40
DE238_7,43,0,98,1,71,3,50
DE238_8,19,0,54,1,27,1,18
DE238_9,29,0,54,0,47,0,37
DE239_0,72,0,144,4,147,18,83
DE239_1,17,0,51,1,58,5,20
DE239_2,14,0,42,1,22,3,20
DE239_3,23,0,43,2,45,5,33
DE239_4,12,0,38,0,18,2,14
DE239_5,17,1,36,0,45,5,20
DE239_6,5,0,7,0,11,1,4
DE239_7,22,0,33,0,67,5,29
DE239_8,6,0,19,0,27,4,5
DE23A_0,22,0,35,1,50,3,14
DE23A_1,20,1,69,4,80,10,31
DE23A_2,14,0,18,0,48,5,15
DE23A_3,30,0,56,2,65,8,24
DE23A_4,15,0,4,0,29,3,7
DE23A_5,12,0,24,0,37,1,15
DE241_0,232,38,515,24,282,16,277
DE242_0,130,42,328,47,284,17,284
DE243_0,61,3,195,4,143,10,110
DE244_0,102,3,286,3,188,11,223
DE245_0,38,0,64,1,65,0,38
DE245_1,10,0,11,0,31,1,4
DE245_10,7,0,28,2,25,1,12
DE245_2,28,0,100,6,56,1,18
DE245_3,13,0,46,0,36,0,11
DE245_4,17,0,41,3,32,1,21
DE245_5,15,0,53,1,26,0,16
DE245_6,6,0,15,0,25,2,3
DE245_7,7,0,10,0,48,1,8
DE245_8,19,0,61,0,36,1,25
DE245_9,11,0,26,0,24,2,11
DE246_0,14,0,33,1,100,6,9
DE246_1,18,0,24,0,42,2,16
DE246_10,14,0,28,0,21,1,15
DE246_2,12,0,47,0,45,4,13
DE246_3,11,0,25,1,47,0,14
DE246_4,18,0,52,0,72,6,13
DE246_5,36,0,60,0,62,5,24
DE246_6,15,0,29,0,39,1,19
DE246_7,7,0,10,3,66,4,9
DE246_8,11,0,12,0,18,2,8
DE246_9,5,0,14,1,28,2,9
DE247_0,11,0,9,0,16,0,11
DE247_1,10,0,16,0,35,1,13
DE247_2,16,0,26,0,23,1,17
DE247_3,18,0,57,0,45,2,25
DE247_4,16,0,20,0,25,1,14
DE247_5,9,0,19,1,33,6,8
DE247_6,13,0,52,0,39,2,17
DE247_7,9,0,12,0,24,1,7
DE247_8,7,0,24,0,11,1,7
DE247_9,4,0,9,0,13,1,5
DE248_0,50,0,72,0,52,3,35
DE248_1,93,1,57,12,95,5,79
DE248_2,70,0,197,5,213,5,91
DE248_3,8,0,24,0,64,1,6
DE248_4,56,0,27,0,36,1,20
DE248_5,22,0,34,1,66,2,21
DE248_6,10,0,27,0,22,0,14
DE248_7,34,0,26,0,99,3,26
DE249_0,20,0,41,0,25,2,19
DE249_1,45,4,136,2,77,10,66
DE249_2,24,0,51,0,55,4,28
DE249_3,9,0,65,2,73,2,28
DE249_4,13,0,17,0,25,2,11
DE249_5,17,0,41,3,42,1,32
DE249_6,5,0,11,0,20,0,7
DE249_7,28,0,74,4,47,2,50
DE249_8,8,0,13,1,12,0,10
DE24A_0,10,0,20,0,44,1,8
DE24A_1,23,0,46,0,31,2,13
DE24A_2,11,0,16,0,15,1,5
DE24A_3,2,0,11,0,18,2,4
DE24A_4,14,0,36,0,24,1,15
DE24A_5,3,0,10,0,12,1,5
DE24A_6,19,1,18,0,21,1,4
DE24A_7,50,2,127,2,74,7,62
DE24B_0,67,1,217,6,111,6,78
DE24B_1,12,0,31,0,57,2,10
DE24B_2,17,0,22,0,32,1,15
DE24B_3,10,0,38,0,54,1,14
DE24B_4,9,0,28,1,31,5,11
DE24B_5,2,0,15,0,12,0,4
DE24B_6,7,0,10,0,13,3,6
DE24C_0,24,1,93,1,67,8,25
DE24C_1,7,0,25,1,12,1,6
DE24C_2,13,0,42,0,33,1,19
DE24C_3,8,0,18,0,14,1,10
DE24C_4,26,0,66,2,84,7,23
DE24C_5,17,0,11,0,23,0,8
DE24D_0,42,4,83,2,94,9,49
DE24D_1,9,0,15,0,39,1,6
DE24D_2,14,0,37,1,45,3,14
DE24D_3,12,0,14,1,19,2,10
DE24D_4,39,0,97,4,81,6,55
DE24D_5,10,1,36,1,40,2,17
DE24D_6,0,0,0,0,4,0,0
DE24D_7,42,0,111,4,60,3,71
DE251_0,61,3,148,3,101,8,101
DE252_0,234,121,542,44,463,27,314
DE253_0,192,3,367,16,244,16,216
DE254_0,626,21,1574,78,1428,81,802
DE255_0,47,1,139,4,97,7,74
DE256_0,15,8,52,2,65,0,24
DE256_1,22,0,12,0,27,1,20
DE256_10,38,0,94,1,185,6,49
DE256_2,37,1,61,1,58,4,30
DE256_3,23,0,33,0,28,1,24
DE256_4,24,0,21,0,31,2,33
DE256_5,13,0,19,0,25,2,13
DE256_6,21,0,35,0,48,2,26
DE256_7,13,0,31,0,54,4,13
DE256_8,47,3,105,1,117,9,57
DE256_9,43,1,49,1,68,3,43
DE257_0,5,0,5,0,48,2,6
DE257_1,25,0,68,1,64,4,23
DE257_2,51,0,110,3,106,7,54
DE257_3,12,0,25,0,27,3,15
DE257_4,39,0,76,0,49,1,30
DE257_5,21,0,24,1,21,1,19
DE257_6,37,0,34,0,21,1,10
DE257_7,21,0,35,3,61,4,38
DE257_8,18,0,30,0,46,0,14
DE257_9,20,0,41,1,29,1,29
DE258_0,64,0,155,6,127,5,77
DE258_1,22,0,35,0,48,2,17
DE258_2,15,0,34,0,38,3,16
DE258_3,22,0,36,0,40,0,20
DE258_4,5,0,24,0,8,0,7
DE258_5,15,0,10,0,10,2,12
DE258_6,15,0,18,0,41,0,11
DE259_0,85,0,137,2,141,6,82
DE259_1,31,0,63,3,59,3,49
DE259_10,18,0,26,0,24,2,9
DE259_11,0,0,0,0,4,0,0
DE259_2,11,0,27,0,44,1,14
DE259_3,36,0,110,7,60,2,48
DE259_4,30,2,52,4,72,1,42
DE259_5,15,0,38,3,44,2,15
DE259_6,10,0,27,1,19,0,18
DE259_7,43,0,44,0,70,6,25
DE259_8,19,0,48,0,48,1,29
DE259_9,10,0,11,0,12,1,8
DE25A_0,22,0,40,1,53,2,24
DE25A_1,25,0,41,0,40,1,24
DE25A_2,27,0,56,12,165,6,42
DE25A_3,52,0,70,1,67,4,36
DE25A_4,37,0,81,3,57,4,45
DE25A_5,11,0,34,0,33,1,13
DE25A_6,9,0,14,0,17,0,6
DE25B_0,14,0,22,1,57,3,7
DE25B_1,44,0,105,2,94,5,68
DE25B_2,45,0,80,0,91,2,47
DE25B_3,20,0,17,1,54,0,17
DE25B_4,17,0,31,0,30,1,12
DE25B_5,9,0,7,0,25,0,8
DE25B_6,4,0,9,0,5,1,7
DE25B_7,32,0,45,2,68,1,31
DE25B_8,9,0,29,0,24,1,10
DE25C_0,17,0,15,0,45,2,23
DE25C_1,12,0,53,1,61,7,26
DE25C_2,42,0,131,4,121,14,62
DE25C_3,10,0,10,0,32,1,10
DE25C_4,4,0,7,0,22,1,3
DE25C_5,16,0,18,1,41,1,10
DE25C_6,26,0,71,2,81,3,35
DE261_0,141,21,337,18,214,18,167
DE262_0,67,5,221,8,177,10,87
DE263_0,207,101,632,86,561,27,371
DE264_0,52,0,155,4,122,7,59
DE264_1,89,0,162,0,175,6,74
DE264_10,19,0,35,0,53,2,20
DE264_2,7,0,6,0,26,1,7
DE264_3,5,0,14,1,31,1,8
DE264_4,60,0,108,0,160,9,59
DE264_5,17,0,35,0,41,2,21
DE264_6,11,0,17,0,29,0,14
DE264_7,6,0,7,0,9,0,9
DE264_8,3,0,1,0,4,0,2
DE264_9,7,0,14,0,31,4,11
DE265_0,61,0,197,34,182,11,114
DE265_1,32,0,60,1,79,2,30
DE265_2,3,0,0,0,34,0,2
DE265_3,22,0,22,8,53,8,24
DE265_4,37,0,57,1,68,4,27
DE265_5,11,0,16,0,17,0,12
DE265_6,5,0,3,0,11,0,4
DE265_7,7,0,17,0,58,0,11
DE265_8,0,0,0,0,67,0,0
DE266_0,32,0,52,0,69,4,33
DE266_1,30,0,59,0,75,3,20
DE266_2,34,0,70,0,71,6,39
DE266_3,14,0,32,1,61,2,18
DE266_4,83,0,173,33,96,5,115
DE266_5,8,0,13,0,13,1,7
DE266_6,0,0,0,0,3,0,0
DE266_7,3,0,7,0,14,0,2
DE267_0,14,0,25,0,29,1,11
DE267_1,41,0,133,7,89,4,67
DE267_2,25,0,50,5,41,1,26
DE267_3,31,0,56,1,68,1,37
DE267_4,24,0,44,1,50,1,20
DE267_5,11,0,10,2,16,1,6
DE267_6,2,0,7,0,21,0,2
DE268_0,57,0,170,4,187,7,65
DE268_1,31,0,34,1,67,2,26
DE268_2,38,0,64,1,103,1,27
DE268_3,44,1,114,2,144,4,41
DE268_4,15,0,34,0,57,1,16
DE268_5,3,0,10,0,41,5,2
DE269_0,124,1,159,4,145,8,81
DE269_1,92,0,97,1,77,8,48
DE269_2,67,0,117,3,98,6,69
DE269_3,10,0,17,0,15,0,5
DE269_4,48,0,37,3,49,1,16
DE269_5,13,0,42,0,51,3,17
DE269_6,51,0,40,0,32,2,29
DE269_7,19,0,43,1,29,2,19
DE269_8,1,0,1,0,6,0,2
DE26A_0,55,0,91,0,138,4,51
DE26A_1,8,0,30,0,36,2,7
DE26A_2,2,0,4,0,8,2,3
DE26A_3,42,0,90,1,151,3,52
DE26A_4,11,0,17,0,22,2,6
DE26A_5,14,0,49,0,53,4,20
DE26A_6,10,0,14,1,19,1,11
DE26A_7,40,0,86,29,119,5,74
DE26B_0,33,0,48,41,77,2,64
DE26B_1,29,0,57,2,45,1,30
DE26B_2,0,0,0,0,4,0,0
DE26B_3,27,0,33,0,26,0,22
DE26B_4,5,0,16,1,31,1,6
DE26B_5,56,0,80,0,113,3,44
DE26B_6,14,0,11,0,17,1,17
DE26B_7,3,0,3,0,6,0,3
DE26B_8,22,0,53,1,41,1,19
DE26B_9,11,0,18,0,18,0,16
DE26C_0,22,0,44,0,38,2,16
DE26C_1,71,2,131,0,94,5,73
DE26C_2,18,0,23,0,44,4,15
DE26C_3,32,0,68,2,50,1,31
DE26C_4,21,1,42,3,43,0,19
DE26C_5,17,0,28,0,20,0,21
DE26C_6,33,0,34,0,27,2,11
DE26C_7,11,0,25,0,14,1,12
DE26C_8,37,0,99,3,130,9,37
DE26C_9,23,3,58,0,68,1,24
DE271_0,385,45,1217,65,748,39,769
DE272_0,94,1,152,6,127,10,118
DE273_0,96,6,324,9,207,13,162
DE274_0,40,0,214,5,159,11,51
DE275_0,51,0,57,1,43,1,26
DE275_1,140,0,144,6,153,4,99
DE275_2,39,0,42,0,49,2,30
DE275_3,145,0,148,5,89,3,100
DE275_4,27,0,21,1,24,1,12
DE275_5,28,0,71,0,45,6,35
DE275_6,9,0,5,0,11,0,6
DE276_0,29,0,60,3,49,3,36
DE276_1,88,0,148,3,112,6,93
DE276_2,22,0,50,1,43,3,26
DE276_3,48,0,68,0,58,4,45
DE276_4,11,0,16,0,17,1,13
DE276_5,59,0,90,2,74,5,54
DE276_6,92,0,182,11,158,6,119
DE276_7,32,0,57,2,49,2,32
DE276_8,16,0,40,0,29,1,13
DE276_9,29,0,41,1,39,1,25
DE277_0,33,0,57,0,57,4,34
DE277_1,18,0,33,0,42,2,18
DE277_2,19,0,45,0,25,1,27
DE277_3,25,0,90,4,69,8,33
DE277_4,7,0,13,0,13,0,5
DE277_5,17,0,24,0,34,2,19
DE278_0,17,1,51,1,19,2,20
DE278_1,49,0,110,5,172,7,57
DE278_2,30,0,46,0,37,4,23
DE278_3,25,1,71,2,76,4,26
DE278_4,12,0,12,0,18,0,13
DE278_5,16,0,47,13,27,6,27
DE278_6,36,0,22,0,32,1,19
DE278_7,13,0,9,0,13,0,8
DE279_0,17,0,33,0,40,1,17
DE279_1,46,0,106,1,74,9,45
DE279_2,115,2,280,8,255,14,128
DE279_3,5,0,7,0,27,1,3
DE279_4,36,0,84,1,68,4,52
DE279_5,73,0,76,0,52,2,33
DE279_6,0,0,0,0,1,0,0
DE27A_0,30,0,68,2,60,4,31
DE27A_1,7,0,5,1,6,0,6
DE27A_2,14,0,30,1,56,1,17
DE27A_3,12,0,18,0,20,1,13
DE27A_4,4,0,5,0,23,0,5
DE27A_5,3,0,15,7,35,3,12
DE27A_6,9,0,11,0,25,0,8
DE27A_7,50,3,136,5,208,11,67
DE27B_0,20,0,30,1,22,1,18
DE27B_1,8,0,21,3,24,0,13
DE27B_2,65,0,134,18,207,11,65
DE27B_3,31,0,30,0,35,1,26
DE27B_4,27,0,21,0,39,1,13
DE27B_5,28,0,25,11,91,1,28
DE27B_6,54,0,86,2,72,11,60
DE27B_7,32,0,77,13,101,6,34
DE27B_8,30,0,44,1,49,2,26
DE27C_0,20,0,31,0,26,0,12
DE27C_1,41,0,29,0,29,3,15
DE27C_2,17,0,32,0,23,1,10
DE27C_3,26,0,45,0,58,2,22
DE27C_4,37,0,98,4,76,7,47
DE27C_5,20,0,45,1,68,4,24
DE27C_6,32,0,43,0,25,2,16
DE27C_7,6,0,23,0,10,0,9
DE27C_8,34,0,76,0,198,6,40
DE27C_9,18,0,27,0,24,7,16
DE27D_0,37,0,123,4,106,9,66
DE27D_1,14,0,24,0,31,1,7
DE27D_2,31,1,32,1,29,2,18
DE27D_3,17,0,36,1,27,4,19
DE27D_4,17,0,23,0,25,3,9
DE27D_5,36,0,16,0,26,0,20
DE27D_6,17,0,32,1,23,0,10
DE27D_7,25,0,38,2,58,4,19
DE27D_8,20,1,96,4,78,6,35
DE27E_0,44,0,142,1,135,10,64
DE27E_1,34,0,64,0,90,5,18
DE27E_2,25,0,44,0,27,3,21
DE27E_3,21,0,51,0,40,8,26
DE27E_4,15,0,39,2,113,6,22
DE27E_5,48,0,102,1,92,10,54
DE27E_6,10,0,37,2,108,2,7
DE27E_7,20,0,12,0,11,1,22
DE27E_8,14,0,85,8,190,9,15
DE27E_9,11,0,26,0,74,4,10
DE300_0,5437,502,10456,990,9966,546,7464
DE401_0,121,14,324,25,237,20,238
DE402_0,144,40,323,13,387,24,207
DE403_0,72,5,177,7,222,19,107
DE404_0,345,82,687,74,617,44,539
DE405_0,72,5,160,13,193,15,113
DE405_1,97,0,202,26,293,8,130
DE405_2,17,0,34,0,101,2,18
DE405_3,17,0,18,0,49,7,17
DE405_4,19,0,27,1,94,6,22
DE405_5,10,0,25,1,51,1,11
DE405_6,32,1,76,2,79,3,35
DE406_0,61,0,100,2,100,4,64
DE406_1,86,5,177,2,173,12,98
DE406_2,29,0,73,19,178,5,45
DE406_3,20,0,57,5,99,5,24
DE406_4,21,0,43,0,101,2,16
DE406_5,55,5,159,7,208,9,76
DE407_0,12,0,51,2,60,3,15
DE407_1,21,0,61,15,61,5,43
DE407_2,13,0,26,0,132,1,18
DE407_3,24,0,29,0,60,2,24
DE407_4,37,0,107,2,152,11,50
DE407_5,9,0,14,0,33,2,11
DE407_6,18,4,40,3,58,8,33
DE407_7,2,0,5,0,2,1,2
DE408_0,27,0,33,0,51,2,31
DE408_1,52,0,64,5,107,3,47
DE408_2,93,0,204,4,123,12,110
DE408_3,49,0,181,7,135,7,70
DE408_4,10,1,11,1,39,6,8
DE408_5,22,2,184,3,65,5,29
DE409_0,34,0,66,7,166,5,45
DE409_1,18,2,26,0,66,3,24
DE409_2,50,1,126,7,157,11,79
DE409_3,42,0,76,14,117,11,68
DE409_4,50,0,101,12,269,5,65
DE409_5,7,0,6,0,31,0,9
DE409_6,14,0,27,0,52,1,18
DE409_7,84,0,141,5,233,5,108
DE40A_0,16,0,39,0,88,2,19
DE40A_1,124,3,283,19,509,15,175
DE40A_2,23,1,57,2,171,10,25
DE40A_3,10,0,15,0,20,2,12
DE40A_4,58,0,126,7,527,6,91
DE40A_5,12,0,20,25,61,1,33
DE40B_0,50,13,185,7,166,16,89
DE40B_1,24,0,61,1,69,7,31
DE40B_2,38,0,104,4,136,10,59
DE40B_3,20,0,50,4,98,4,28
DE40B_4,9,0,29,0,36,3,14
DE40C_0,30,2,70,2,215,6,38
DE40C_1,14,0,14,0,45,0,11
DE40C_2,71,2,141,7,228,18,92
DE40C_3,79,1,130,8,112,3,98
DE40C_4,94,16,144,49,150,20,152
DE40C_5,13,0,6,0,54,5,15
DE40C_6,33,1,42,1,80,1,41
DE40C_7,9,0,43,0,42,3,16
DE40D_0,22,0,90,4,139,10,34
DE40D_1,38,3,121,37,183,20,82
DE40D_2,13,0,22,0,74,4,14
DE40D_3,25,0,53,6,96,8,39
DE40D_4,7,0,24,0,32,0,10
DE40D_5,11,0,42,1,125,8,13
DE40E_0,43,1,95,2,123,14,54
DE40E_1,74,2,159,4,263,14,87
DE40E_2,25,0,61,5,92,7,33
DE40E_3,39,0,71,0,64,3,49
DE40E_4,14,0,36,0,43,0,14
DE40E_5,7,0,26,1,44,4,10
DE40E_6,21,0,14,1,57,6,20
DE40E_7,106,0,122,0,332,2,132
DE40E_8,5,0,6,0,33,1,5
DE40F_0,49,0,166,4,280,7,59
DE40F_1,16,0,10,0,44,1,19
DE40F_2,6,1,13,1,50,1,9
DE40F_3,26,0,56,5,83,8,36
DE40F_4,5,0,10,0,19,0,6
DE40F_5,5,0,3,0,5,1,7
DE40F_6,10,0,11,0,27,1,8
DE40G_0,15,1,32,1,112,4,15
DE40G_1,37,0,64,1,83,8,35
DE40G_2,16,0,17,0,38,2,14
DE40G_3,31,6,58,6,148,11,58
DE40G_4,30,0,75,2,150,4,25
DE40G_5,30,0,60,4,70,8,29
DE40H_0,54,0,149,3,110,5,72
DE40H_1,31,0,75,2,165,6,43
DE40H_2,66,0,140,3,152,12,68
DE40H_3,11,0,27,0,69,4,16
DE40H_4,46,2,86,12,102,6,66
DE40H_5,16,0,10,0,44,4,4
DE40H_6,9,0,20,0,37,1,11
DE40I_0,108,0,110,1,191,20,58
DE40I_1,22,0,27,1,143,13,28
DE40I_2,45,0,101,3,140,12,63
DE40I_3,25,0,18,0,96,6,16
DE40I_4,24,0,60,2,99,9,38
DE40I_5,34,1,74,2,67,6,40
DE40I_6,19,0,21,0,83,2,13
DE501_0,929,117,2347,117,1637,110,1198
DE502_0,158,11,385,23,312,20,243
DE600_0,3123,163,5890,374,4589,215,4203
DE711_0,237,138,519,42,560,44,384
DE712_0,1198,153,2122,128,1933,90,1539
DE713_0,167,2,323,18,305,20,216
DE714_0,370,18,770,36,747,35,509
DE715_0,117,0,257,10,275,23,143
DE715_1,52,0,77,0,145,2,57
DE715_2,26,0,55,2,136,5,27
DE715_3,33,0,62,1,51,6,26
DE715_4,26,0,45,5,75,1,26
DE715_5,16,0,21,0,59,2,12
DE715_6,16,0,42,2,52,5,20
DE715_7,105,0,216,7,142,3,63
DE715_8,61,0,81,2,112,6,47
DE715_9,74,0,127,2,176,7,60
DE716_0,82,9,141,4,114,9,105
DE716_1,39,0,102,0,90,3,53
DE716_2,60,0,95,10,118,4,77
DE716_3,71,0,120,1,129,3,64
DE716_4,28,0,84,4,68,3,43
DE716_5,40,1,78,1,76,0,57
DE716_6,44,0,94,7,73,6,51
DE716_7,50,0,73,3,94,3,55
DE716_8,33,1,68,0,54,1,48
DE717_0,44,1,75,3,80,2,66
DE717_1,138,3,210,20,232,14,168
DE717_2,37,1,77,2,92,9,51
DE717_3,15,0,58,0,79,3,18
DE717_4,33,0,55,0,76,6,37
DE717_5,32,0,28,1,41,0,36
DE717_6,13,0,26,0,38,1,15
DE717_7,27,0,58,1,52,1,32
DE718_0,16,0,15,0,39,2,17
DE718_1,107,0,248,9,259,17,135
DE718_2,55,0,69,8,232,8,76
DE718_3,108,2,202,11,231,8,158
DE718_4,44,0,90,4,63,4,51
DE719_0,117,0,241,2,174,6,122
DE719_1,41,0,68,3,90,6,48
DE719_2,103,0,238,12,198,7,138
DE719_3,39,0,80,2,92,4,36
DE719_4,70,0,136,0,129,7,76
DE719_5,40,0,86,2,69,8,46
DE719_6,44,0,61,3,117,6,48
DE719_7,93,0,291,4,257,24,133
DE719_8,8,0,12,0,33,1,7
DE71A_0,71,0,110,1,93,4,62
DE71A_1,26,0,66,3,59,4,44
DE71A_2,57,0,190,3,98,5,65
DE71A_3,45,0,102,1,75,7,39
DE71A_4,48,0,55,1,71,5,52
DE71A_5,22,0,23,0,26,0,24
DE71A_6,68,0,143,6,112,8,93
DE71B_0,33,0,55,4,75,4,33
DE71B_1,57,0,104,14,176,10,71
DE71B_2,41,0,29,0,93,4,19
DE71B_3,29,0,32,2,36,3,31
DE71B_4,45,0,77,2,83,8,45
DE71B_5,6,0,9,0,29,1,4
DE71C_0,125,1,209,9,188,12,144
DE71C_1,78,0,123,0,81,7,97
DE71C_2,110,1,281,3,239,13,138
DE71C_3,56,0,169,8,97,4,83
DE71C_4,76,0,116,1,88,4,82
DE71C_5,62,1,130,4,151,5,78
DE71C_6,15,0,23,0,22,0,16
DE71D_0,64,2,120,2,117,9,82
DE71D_1,140,62,128,2,224,10,92
DE71D_2,79,0,99,0,105,3,68
DE71D_3,34,0,74,21,135,7,65
DE71D_4,124,0,86,11,96,2,87
DE71D_5,15,0,25,1,26,1,16
DE71D_6,33,0,7,0,32,1,5
DE71D_7,16,0,13,0,32,0,11
DE71E_0,54,0,85,1,114,2,56
DE71E_1,108,5,244,22,235,15,157
DE71E_2,27,0,62,0,72,0,22
DE71E_3,135,13,150,5,121,3,153
DE71E_4,35,0,131,2,108,6,49
DE71E_5,86,0,108,1,111,10,78
DE71E_6,42,0,40,0,33,2,35
DE71E_7,37,0,65,1,86,6,39
DE71E_8,79,0,196,2,138,6,108
DE721_0,83,2,90,2,119,5,80
DE721_1,30,0,57,0,55,0,26
DE721_2,32,0,67,3,80,3,47
DE721_3,18,0,27,0,35,1,23
DE721_4,50,1,51,0,61,3,53
DE721_5,21,0,65,0,23,0,16
DE721_6,44,0,43,0,64,3,48
DE721_7,48,0,68,0,92,6,54
DE721_8,17,0,27,0,43,2,17
DE721_9,262,244,471,34,395,14,397
DE722_0,65,1,96,7,111,9,82
DE722_1,129,3,297,16,228,17,196
DE722_10,50,0,103,5,94,10,70
DE722_2,85,0,97,5,88,7,36
DE722_3,28,0,25,3,39,3,25
DE722_4,9,0,18,0,27,2,9
DE722_5,10,0,19,0,48,1,12
DE722_6,26,0,29,1,24,0,15
DE722_7,8,0,22,0,27,2,9
DE722_8,17,0,31,1,28,2,17
DE722_9,78,0,91,6,94,7,54
DE723_0,33,1,48,2,105,6,49
DE723_1,44,0,180,5,114,5,63
DE723_2,25,0,34,0,40,2,33
DE723_3,16,0,24,0,33,3,14
DE723_4,23,0,46,1,61,4,27
DE723_5,17,0,29,0,46,1,26
DE723_6,32,1,47,0,52,2,42
DE723_7,8,0,12,0,22,3,11
DE723_8,3,0,13,0,10,0,8
DE724_0,83,5,87,0,125,3,85
DE724_1,46,0,71,2,97,8,45
DE724_2,85,0,81,3,88,8,91
DE724_3,170,86,331,29,283,19,254
DE724_4,36,0,43,2,52,5,51
DE724_5,12,0,9,0,38,0,8
DE724_6,28,0,67,0,74,3,38
DE724_7,52,0,44,0,75,0,50
DE724_8,36,0,62,0,60,4,31
DE725_0,31,0,37,0,58,1,16
DE725_1,58,0,81,2,82,4,43
DE725_2,39,0,38,3,93,1,23
DE725_3,58,1,52,3,84,2,44
DE725_4,63,0,111,7,93,3,62
DE725_5,7,0,7,0,16,2,8
DE725_6,28,0,31,0,72,4,17
DE725_7,37,0,25,1,42,1,12
DE731_0,378,62,820,43,641,41,512
DE732_0,29,0,40,0,77,8,34
DE732_1,12,0,36,0,33,3,17
DE732_2,45,0,50,1,61,4,47
DE732_3,48,0,52,1,52,3,48
DE732_4,118,29,415,16,248,16,193
DE732_5,17,1,27,2,90,4,21
DE732_6,32,0,50,2,63,1,21
DE732_7,11,0,18,0,44,3,17
DE732_8,22,0,45,0,48,0,18
DE732_9,38,0,109,5,65,2,32
DE733_0,27,0,33,0,48,2,21
DE733_1,35,0,49,2,82,7,42
DE733_2,34,2,72,20,86,4,66
DE733_3,7,0,23,1,31,1,9
DE733_4,12,0,16,1,15,6,11
DE733_5,16,0,29,3,48,4,25
DE733_6,24,0,62,0,56,5,39
DE733_7,34,2,104,6,88,6,49
DE733_8,4,0,10,0,9,2,2
DE734_0,35,0,67,1,88,6,42
DE734_1,39,0,82,12,116,8,68
DE734_2,15,0,36,18,79,5,32
DE734_3,64,0,117,2,76,4,78
DE734_4,50,1,95,5,91,10,64
DE734_5,17,0,38,0,54,3,20
DE734_6,62,0,123,2,112,5,80
DE734_7,14,0,42,0,77,5,9
DE734_8,45,1,86,9,118,7,62
DE734_9,9,0,11,0,21,1,15
DE735_0,104,0,256,5,130,10,130
DE735_1,33,0,48,2,55,3,31
DE735_2,38,0,61,1,74,5,38
DE735_3,62,0,79,8,133,9,74
DE735_4,6,0,21,0,19,1,9
DE735_5,56,0,77,0,93,9,40
DE735_6,35,0,67,0,86,3,44
DE735_7,52,2,102,2,89,10,80
DE735_8,29,0,34,1,69,3,30
DE735_9,12,0,19,0,38,3,13
DE736_0,22,0,31,1,65,6,24
DE736_1,84,0,124,6,146,10,76
DE736_2,30,0,47,0,48,5,36
DE736_3,14,0,20,0,78,5,19
DE736_4,45,0,137,5,127,7,60
DE736_5,81,2,100,3,77,4,96
DE736_6,10,0,23,0,27,1,14
DE736_7,55,0,74,34,195,9,81
DE736_8,15,0,37,0,152,6,15
DE737_0,11,0,21,0,36,2,10
DE737_1,30,0,35,0,35,4,34
DE737_2,23,0,52,7,58,4,40
DE737_3,55,6,66,4,79,4,53
DE737_4,31,2,55,6,133,6,32
DE737_5,35,0,69,3,106,6,46
DE737_6,3,0,9,0,19,2,3
DE737_7,10,0,8,0,29,1,7
DE803_0,301,63,960,69,593,60,425
DE804_0,111,2,406,22,302,47,154
DE80J_0,122,1,394,38,270,17,194
DE80J_1,65,1,176,10,458,23,61
DE80J_2,18,0,32,1,57,4,17
DE80J_3,60,1,208,12,373,28,100
DE80J_4,27,0,73,1,84,4,29
DE80J_5,26,0,64,1,91,5,48
DE80J_6,8,0,30,1,83,15,9
DE80J_7,15,0,49,4,84,5,28
DE80J_8,11,0,51,1,114,6,17
DE80K_0,23,0,63,4,129,10,34
DE80K_1,44,7,170,4,223,15,80
DE80K_2,20,0,114,13,74,2,33
DE80K_3,40,0,102,5,58,3,35
DE80K_4,20,0,117,3,185,10,27
DE80K_5,17,0,36,1,58,5,18
DE80K_6,70,0,102,2,121,3,68
DE80K_7,16,0,36,0,91,4,24
DE80K_8,17,0,43,2,64,3,29
DE80L_0,36,0,210,5,192,18,53
DE80L_1,83,10,266,9,189,15,123
DE80L_2,19,0,52,2,66,5,23
DE80L_3,34,1,124,12,116,10,49
DE80L_4,56,0,232,2,325,13,61
DE80L_5,38,2,152,0,121,9,45
DE80L_6,13,0,45,1,35,5,18
DE80L_7,17,11,57,0,92,6,18
DE80M_0,83,4,219,14,267,15,129
DE80M_1,47,2,121,3,164,15,46
DE80M_2,62,0,74,1,122,10,45
DE80M_3,19,0,21,1,62,3,18
DE80M_4,26,1,36,0,32,4,21
DE80M_5,11,0,32,0,26,2,24
DE80N_0,24,0,68,0,52,8,34
DE80N_1,54,0,50,2,93,12,41
DE80N_2,29,0,186,10,285,12,36
DE80N_3,7,0,32,2,47,2,9
DE80N_4,14,0,44,4,44,6,23
DE80N_5,18,0,64,2,72,5,28
DE80N_6,21,0,72,30,79,10,62
DE80N_7,128,105,290,36,181,19,216
DE80N_8,32,0,129,1,176,17,39
DE80N_9,21,0,35,2,32,6,29
DE80O_0,20,0,87,7,153,14,30
DE80O_1,41,0,125,2,114,7,55
DE80O_2,35,0,80,2,63,9,52
DE80O_3,33,0,51,0,60,9,36
DE80O_4,30,0,94,5,180,11,49
DE80O_5,30,0,50,0,55,3,29
DE80O_6,15,0,62,2,56,10,25
DE80O_7,24,0,50,1,62,11,36
DE911_0,405,149,1059,58,720,41,681
DE912_0,133,9,188,4,212,18,188
DE913_0,240,12,412,26,353,27,324
DE914_0,131,2,393,5,176,9,148
DE914_1,54,0,58,1,271,8,45
DE914_2,22,0,59,0,157,3,25
DE914_3,37,0,27,0,66,6,38
DE914_4,89,0,134,0,189,3,71
DE914_5,17,0,43,2,56,4,25
DE914_6,29,0,42,0,62,3,31
DE916_0,128,8,255,3,227,12,144
DE916_1,19,0,53,0,87,6,25
DE916_2,23,0,44,3,146,4,28
DE916_3,40,62,70,8,192,12,43
DE916_4,30,0,59,2,82,4,27
DE916_5,49,1,116,8,108,10,63
DE917_0,10,0,8,0,12,1,11
DE917_1,18,0,46,1,53,2,22
DE917_2,7,0,11,0,14,0,7
DE917_3,12,0,21,0,21,0,13
DE917_4,35,1,94,5,75,9,50
DE917_5,1,0,4,0,7,0,2
DE917_6,15,0,27,1,22,2,17
DE917_7,17,0,26,1,43,1,21
DE918_0,36,0,61,0,96,3,45
DE918_1,18,1,43,13,58,5,42
DE918_2,79,3,153,5,127,9,126
DE918_3,44,0,67,1,91,8,55
DE918_4,64,1,37,3,70,5,62
DE918_5,23,0,26,2,31,4,15
DE918_6,20,0,24,0,20,0,17
DE91A_0,59,0,65,2,109,1,65
DE91A_1,92,0,173,8,135,8,105
DE91A_2,20,0,30,0,46,2,19
DE91A_3,10,0,10,0,25,0,14
DE91A_4,15,0,30,0,27,1,16
DE91B_0,35,0,46,0,55,4,32
DE91B_1,47,0,71,1,70,4,42
DE91B_2,18,0,11,0,29,0,25
DE91B_3,16,0,38,1,33,2,19
DE91B_4,0,0,0,0,1,0,0
DE91B_5,104,13,193,9,148,16,139
DE91C_0,112,2,162,6,267,8,117
DE91C_1,60,2,141,3,184,13,91
DE91C_2,34,0,143,2,134,10,58
DE91C_3,55,3,65,3,141,3,70
DE91C_4,103,4,100,24,187,8,107
DE91C_5,20,0,52,1,80,4,33
DE91C_6,79,0,155,3,120,8,94
DE91C_7,17,0,14,0,22,0,7
DE91C_8,552,297,1013,93,911,35,972
DE922_0,109,1,285,4,183,15,148
DE922_1,36,0,66,0,63,5,31
DE922_2,33,0,49,1,37,3,37
DE922_3,28,0,56,2,67,4,46
DE922_4,50,2,116,2,87,9,64
DE922_5,31,0,62,2,61,9,45
DE922_6,18,0,33,1,24,2,23
DE922_7,14,0,35,0,72,5,12
DE923_0,22,0,38,3,82,11,27
DE923_1,33,0,98,15,139,10,57
DE923_2,82,2,177,2,216,11,126
DE923_3,20,0,39,5,46,5,25
DE923_4,16,0,44,11,81,3,33
DE925_0,38,2,81,1,89,6,40
DE925_1,123,27,397,9,346,20,235
DE925_2,16,0,31,0,45,8,15
DE925_3,33,0,79,1,80,4,40
DE925_4,79,0,92,0,105,11,56
DE925_5,28,0,43,0,51,2,36
DE925_6,26,0,53,0,62,8,33
DE925_7,7,0,29,0,44,1,13
DE926_0,21,1,52,0,59,7,14
DE926_1,22,0,55,0,100,2,29
DE926_2,11,0,22,0,28,2,11
DE926_3,30,6,77,4,96,7,54
DE926_4,13,0,17,0,25,4,9
DE927_0,35,0,81,2,94,5,38
DE927_1,49,2,171,7,101,11,86
DE927_2,22,0,50,0,33,3,20
DE927_3,26,0,43,0,52,16,23
DE927_4,21,1,47,1,74,5,26
DE927_5,12,0,18,0,59,4,12
DE927_6,6,0,11,0,24,2,5
DE928_0,58,0,93,11,108,4,59
DE928_1,57,0,98,9,81,10,41
DE928_2,35,1,126,5,108,8,60
DE928_3,48,0,60,2,57,3,27
DE928_4,40,0,52,2,39,2,29
DE928_5,31,0,81,1,60,6,30
DE928_6,19,0,28,1,20,0,17
DE929_0,152,13,290,2,224,19,187
DE929_1,90,0,253,11,204,17,150
DE929_2,128,0,274,31,233,12,156
DE929_3,107,0,268,6,165,10,141
DE929_4,141,1,208,1,238,19,144
DE929_5,820,196,1863,100,1420,119,1039
DE929_6,59,0,137,1,82,2,64
DE929_7,22,0,45,0,43,1,28
DE931_0,18,0,77,2,43,2,30
DE931_1,35,0,53,0,61,4,36
DE931_2,25,1,68,0,92,5,25
DE931_3,103,5,291,4,193,8,154
DE931_4,25,0,59,0,77,5,39
DE931_5,7,0,20,0,43,4,11
DE932_0,35,0,69,0,75,4,35
DE932_1,61,0,89,4,82,1,52
DE932_2,81,1,273,5,345,18,97
DE932_3,72,0,122,3,152,3,85
DE932_4,54,2,108,3,131,12,55
DE932_5,10,0,34,1,48,5,17
DE933_0,176,0,327,20,251,16,284
DE933_1,94,0,153,7,103,9,85
DE933_2,54,0,100,2,89,6,73
DE933_3,26,0,56,8,129,8,40
DE933_4,79,0,171,2,189,6,148
DE933_5,32,0,47,0,44,1,29
DE934_0,8,1,11,0,40,3,8
DE934_1,63,0,107,1,117,5,67
DE934_2,0,0,0,0,1,0,0
DE934_3,41,1,87,0,115,8,61
DE935_0,211,35,461,15,257,20,309
DE935_1,25,0,46,0,69,5,32
DE935_2,62,0,59,0,91,4,90
DE935_3,8,0,36,0,35,2,9
DE935_4,14,0,16,0,32,2,13
DE935_5,34,0,67,0,44,2,32
DE936_0,28,0,110,1,94,6,41
DE936_1,53,2,131,1,133,7,76
DE936_2,22,0,45,3,60,4,27
DE936_3,11,0,27,1,32,0,15
DE936_4,10,0,33,1,22,0,12
DE937_0,61,0,109,2,150,6,84
DE937_1,49,0,89,10,101,2,67
DE937_2,36,0,87,2,82,8,60
DE937_3,20,0,33,0,49,4,26
DE937_4,15,0,30,0,33,2,20
DE937_5,17,0,28,0,39,1,26
DE937_6,21,0,46,3,58,5,27
DE938_0,50,0,232,6,151,9,68
DE938_1,26,0,45,1,38,1,19
DE938_2,57,1,109,2,136,4,61
DE938_3,4,0,14,0,23,0,6
DE938_4,13,0,53,0,41,5,19
DE938_5,24,0,79,2,193,5,32
DE938_6,14,0,48,1,81,4,28
DE938_7,85,0,126,3,111,7,71
DE939_0,23,0,52,0,81,1,29
DE939_1,51,0,88,0,112,7,59
DE939_2,32,0,88,0,53,5,39
DE939_3,59,5,171,14,121,3,80
DE939_4,13,0,19,0,37,3,14
DE939_5,3,0,21,0,22,1,8
DE939_6,58,3,206,12,139,5,101
DE93A_0,46,0,137,8,129,14,67
DE93A_1,30,0,120,6,100,7,49
DE93A_2,21,1,19,0,24,2,27
DE93A_3,7,0,10,0,10,1,8
DE93B_0,97,6,242,6,234,8,108
DE93B_1,26,0,39,0,50,1,32
DE93B_2,77,5,161,6,128,11,104
DE93B_3,12,0,18,1,23,1,13
DE93B_4,18,1,17,1,30,2,25
DE941_0,104,1,236,6,106,7,142
DE942_0,87,3,281,5,208,9,98
DE943_0,358,82,770,40,494,28,402
DE944_0,234,55,589,18,635,28,341
DE945_0,78,3,180,4,206,19,85
DE946_0,103,0,162,8,174,13,101
DE946_1,45,0,99,7,94,7,62
DE946_2,27,0,35,4,53,4,22
DE946_3,21,0,37,0,39,5,20
DE946_4,85,2,131,1,103,2,58
DE947_0,27,0,81,0,110,6,31
DE947_1,72,1,170,2,155,3,106
DE947_2,4,0,43,0,61,2,6
DE947_3,21,0,50,0,73,3,27
DE947_4,5,0,71,8,105,7,17
DE947_5,8,0,48,0,67,2,12
DE947_6,23,0,37,0,29,0,18
DE947_7,22,0,69,2,49,2,30
DE947_8,42,0,86,0,64,4,56
DE947_9,22,1,128,3,144,4,40
DE948_0,77,0,78,2,67,4,39
DE948_1,38,0,57,0,93,6,36
DE948_2,153,0,250,6,130,6,112
DE948_3,35,0,60,0,60,3,33
DE948_4,107,0,82,1,66,4,43
DE948_5,48,0,74,3,85,3,49
DE949_0,88,0,121,1,177,12,86
DE949_1,95,2,282,11,271,22,120
DE949_2,45,0,91,1,147,4,63
DE949_3,40,2,146,4,141,6,60
DE949_4,58,0,86,0,130,5,64
DE949_5,33,0,43,1,91,2,26
DE949_6,30,0,46,3,67,6,36
DE949_7,41,0,69,5,146,5,40
DE94A_0,24,1,82,4,73,7,39
DE94A_1,39,0,94,0,71,5,51
DE94A_2,5,0,20,0,48,2,5
DE94A_3,15,0,58,1,94,7,19
DE94A_4,45,0,106,2,87,4,68
DE94A_5,32,0,62,1,59,6,40
DE94B_0,26,0,63,2,139,8,34
DE94B_1,41,0,80,1,91,5,46
DE94B_2,62,0,196,4,150,10,87
DE94B_3,14,0,39,0,42,2,28
DE94C_0,31,0,89,1,90,2,44
DE94C_1,93,2,251,7,179,12,135
DE94C_2,24,0,45,1,65,1,30
DE94C_3,36,0,80,1,72,2,44
DE94C_5,22,0,55,1,31,3,22
DE94C_6,29,0,35,2,29,0,35
DE94C_7,16,0,71,9,104,5,20
DE94D_0,57,0,113,1,103,3,53
DE94D_1,44,0,65,2,131,6,59
DE94D_2,34,0,54,0,41,2,30
DE94D_3,28,0,40,0,62,2,21
DE94D_4,79,0,125,4,94,2,85
DE94D_5,23,0,35,2,58,1,31
DE94E_0,76,0,112,3,114,4,83
DE94E_1,65,0,122,2,152,9,78
DE94E_2,43,0,58,2,102,7,44
DE94E_3,60,0,120,1,136,3,78
DE94E_4,22,0,53,7,95,5,26
DE94E_5,85,1,163,3,175,12,99
DE94E_6,110,0,154,11,159,8,92
DE94E_7,28,0,59,1,52,7,29
DE94F_0,60,17,93,2,102,7,68
DE94F_1,10,1,29,5,25,2,21
DE94F_2,23,2,41,2,31,2,15
DE94F_3,44,0,71,3,88,8,65
DE94F_4,16,0,26,2,49,1,14
DE94F_5,32,0,41,2,43,4,31
DE94G_0,62,1,82,1,78,5,75
DE94G_1,30,8,45,2,62,4,35
DE94G_2,26,0,23,0,32,0,29
DE94G_3,18,0,14,0,67,4,18
DE94G_4,11,0,26,0,52,3,10
DE94G_5,33,0,54,1,37,3,42
DE94G_6,9,0,11,0,30,1,14
DE94H_0,13,0,12,0,7,1,19
DE94H_1,18,1,102,0,101,8,26
DE94H_2,29,1,66,1,74,6,39
DE94H_3,4,0,21,0,34,3,7
DE94H_4,7,0,43,8,67,3,15
DE94H_5,21,0,27,0,40,3,23
DEA11_0,928,114,1682,83,1450,84,1164
DEA12_0,353,48,856,33,704,37,556
DEA13_0,785,78,1496,108,1323,73,1203
DEA14_0,254,7,681,58,397,22,434
DEA15_0,510,35,533,87,512,33,735
DEA16_0,174,3,381,24,408,22,251
DEA17_0,232,3,447,22,335,22,369
DEA18_0,101,2,282,28,168,14,175
DEA19_0,230,1,325,13,369,18,314
DEA1A_0,454,88,760,45,570,43,633
DEA1B_0,154,9,234,15,233,15,198
DEA1B_1,64,0,87,3,107,7,75
DEA1B_2,74,0,159,7,225,7,114
DEA1B_3,55,0,64,0,96,2,48
DEA1B_4,32,0,60,1,130,6,34
DEA1B_5,9,0,32,0,50,0,11
DEA1B_6,38,0,48,2,85,8,48
DEA1B_7,32,0,64,0,126,7,52
DEA1C_0,201,0,289,27,229,7,256
DEA1C_1,88,0,226,40,160,17,166
DEA1C_2,77,0,237,7,200,12,118
DEA1C_3,71,1,154,3,115,5,100
DEA1C_4,125,3,325,6,189,6,181
DEA1C_5,48,1,35,2,46,1,54
DEA1D_0,182,0,192,42,250,12,229
DEA1D_1,327,4,535,53,367,24,440
DEA1D_2,128,0,243,5,155,8,133
DEA1D_3,107,0,127,3,268,8,136
DEA1D_4,29,0,34,0,44,3,24
DEA1D_5,52,0,105,3,122,15,64
DEA1E_0,382,6,301,123,251,7,524
DEA1E_1,224,0,260,20,150,5,261
DEA1E_2,108,0,140,0,129,1,122
DEA1E_3,86,1,58,4,46,0,103
DEA1E_4,174,0,150,7,109,4,218
DEA1E_5,127,0,150,23,129,7,169
DEA1F_0,184,1,332,3,300,12,255
DEA1F_1,45,2,101,3,151,5,63
DEA1F_2,100,0,152,7,133,11,136
DEA1F_3,47,0,96,13,129,3,67
DEA1F_4,154,3,271,5,207,18,225
DEA1F_5,59,1,109,2,161,9,86
DEA1F_6,33,1,41,1,64,1,28
DEA22_0,648,114,1220,119,911,63,991
DEA23_0,1385,140,2834,132,2531,161,1878
DEA24_0,165,3,380,9,278,13,252
DEA26_0,27,0,29,2,40,1,34
DEA26_1,189,1,258,6,214,11,238
DEA26_2,80,3,223,9,130,18,107
DEA26_3,25,0,43,1,45,4,33
DEA26_4,19,0,17,0,50,2,23
DEA26_5,32,2,56,0,55,14,37
DEA26_6,26,0,37,0,133,7,22
DEA26_7,14,0,17,0,62,4,22
DEA27_0,226,0,325,9,220,13,250
DEA27_1,143,0,275,3,237,12,203
DEA27_2,86,0,94,4,80,9,80
DEA27_3,76,2,118,2,126,9,101
DEA27_4,116,2,178,6,271,25,137
DEA27_5,121,0,132,8,96,10,110
DEA28_0,52,0,79,2,193,11,62
DEA28_1,169,0,175,21,639,16,209
DEA28_2,39,0,31,1,202,4,21
DEA28_3,522,1,377,6,438,19,238
DEA28_4,34,3,79,3,154,3,51
DEA28_5,36,0,52,3,226,4,32
DEA29_0,102,0,158,7,89,14,175
DEA29_1,71,1,146,12,126,16,152
DEA29_2,28,0,61,2,88,11,31
DEA29_3,57,1,85,1,73,10,62
DEA29_4,77,2,129,11,76,15,125
DEA29_5,14,0,26,0,29,0,24
DEA29_6,51,0,101,3,48,10,104
DEA2A_0,75,2,169,7,125,8,110
DEA2A_1,42,1,77,0,106,7,60
DEA2A_2,31,0,65,4,53,3,45
DEA2A_3,49,4,162,5,117,8,90
DEA2A_4,40,1,105,2,85,8,56
DEA2A_5,44,0,85,2,90,6,66
DEA2B_0,167,11,289,14,485,17,228
DEA2B_1,65,1,97,2,90,11,66
DEA2B_2,34,0,59,0,104,6,46
DEA2B_3,34,0,103,3,119,2,44
DEA2B_4,26,0,67,2,59,1,39
DEA2B_5,22,0,32,0,80,3,20
DEA2C_0,43,0,92,5,93,8,57
DEA2C_1,225,9,380,11,490,26,301
DEA2C_2,377,6,670,29,540,29,426
DEA2C_3,142,8,283,6,219,7,162
DEA2C_4,161,24,255,3,267,8,163
DEA2C_5,67,0,106,1,303,4,69
DEA2C_6,32,0,37,0,61,2,42
DEA2C_7,61,0,79,0,58,0,47
DEA2C_8,23,0,41,1,45,2,24
DEA2D_0,247,0,354,9,231,19,311
DEA2D_1,91,1,109,9,243,4,72
DEA2D_2,169,0,226,11,139,6,211
DEA2D_3,452,214,833,37,731,34,567
DEA2D_4,13,0,35,0,34,2,16
DEA31_0,167,18,229,16,219,21,243
DEA32_0,395,28,500,50,369,24,613
DEA33_0,461,171,1029,189,909,33,849
DEA34_0,77,0,162,0,219,14,91
DEA34_1,29,0,53,0,87,3,25
DEA34_2,37,0,79,2,93,7,41
DEA34_3,166,4,292,13,244,9,239
DEA34_4,99,4,211,14,138,6,154
DEA34_5,31,0,31,10,64,3,42
DEA34_6,89,2,187,8,158,8,97
DEA34_7,55,0,156,10,144,10,80
DEA35_0,59,0,119,1,186,11,79
DEA35_1,75,1,64,3,72,1,53
DEA35_2,72,2,154,5,137,9,115
DEA35_3,79,0,115,4,156,7,54
DEA35_4,42,1,102,4,118,6,60
DEA35_5,38,0,38,1,61,2,37
DEA36_0,133,0,287,12,250,16,188
DEA36_1,122,0,279,72,202,14,245
DEA36_2,172,4,394,8,257,29,266
DEA36_3,79,0,171,2,73,7,101
DEA36_4,67,0,124,11,157,13,87
DEA36_5,148,0,223,2,194,7,157
DEA37_0,22,0,47,1,89,4,31
DEA37_1,41,0,115,21,151,13,70
DEA37_10,14,0,20,1,33,1,15
DEA37_2,140,3,263,12,357,28,189
DEA37_3,76,22,134,11,124,10,79
DEA37_4,91,0,195,6,207,17,141
DEA37_5,30,0,110,1,58,4,36
DEA37_6,73,1,154,6,144,8,81
DEA37_7,17,0,41,2,44,1,25
DEA37_8,27,1,39,0,41,8,31
DEA37_9,27,0,43,2,57,4,30
DEA38_0,113,2,133,10,131,7,117
DEA38_1,89,4,132,5,129,11,101
DEA38_2,45,0,94,3,122,9,63
DEA38_3,145,0,200,6,217,14,128
DEA38_4,64,0,85,2,81,1,69
DEA38_5,135,0,233,6,162,5,103
DEA38_6,9,0,14,0,10,1,9
DEA41_0,536,31,1043,47,933,50,796
DEA42_0,95,0,178,6,220,6,122
DEA42_1,56,0,89,0,97,3,63
DEA42_2,86,0,106,3,82,10,90
DEA42_3,45,0,121,3,67,2,47
DEA42_4,53,0,70,0,82,6,47
DEA42_5,22,0,28,0,46,4,23
DEA42_6,34,0,25,0,26,7,17
DEA42_7,30,0,66,0,93,7,32
DEA42_8,107,2,261,10,133,9,170
DEA43_0,71,0,161,6,115,9,105
DEA43_1,161,4,272,8,288,11,184
DEA43_2,24,0,39,1,76,2,25
DEA43_3,49,0,92,7,79,6,66
DEA43_4,12,0,27,0,28,3,15
DEA43_5,35,0,53,0,57,3,27
DEA43_6,24,0,52,0,25,1,22
DEA44_0,76,0,131,18,186,16,101
DEA44_1,40,0,70,0,64,6,38
DEA44_2,57,0,116,3,151,11,67
DEA44_3,44,2,95,6,100,10,58
DEA44_4,44,1,47,2,78,6,52
DEA45_0,101,1,177,0,179,11,142
DEA45_1,68,0,149,3,140,11,98
DEA45_2,229,18,423,25,357,26,320
DEA45_3,31,0,75,0,98,10,34
DEA45_4,30,0,28,0,36,2,25
DEA45_5,27,0,22,0,47,7,18
DEA45_6,90,0,214,15,192,13,128
DEA45_7,43,0,51,2,139,5,44
DEA46_0,39,0,96,5,62,2,41
DEA46_1,156,3,435,12,293,13,209
DEA46_2,123,1,206,23,251,12,148
DEA46_3,93,0,121,3,124,20,88
DEA46_4,49,1,106,1,84,2,49
DEA46_5,86,0,170,5,93,5,65
DEA47_0,87,0,94,9,148,6,73
DEA47_1,457,50,672,39,516,36,505
DEA47_2,140,0,177,7,217,8,125
DEA47_3,31,0,45,1,53,3,23
DEA47_4,17,0,23,1,66,8,21
DEA47_5,39,0,40,0,47,2,21
DEA47_6,33,0,49,2,72,5,41
DEA51_0,578,113,1465,111,850,47,831
DEA52_0,690,91,1423,129,951,58,1044
DEA53_0,200,24,514,15,434,39,290
DEA54_0,325,5,515,34,368,26,383
DEA55_0,219,1,311,22,237,21,273
DEA56_0,54,0,134,1,140,7,66
DEA56_1,118,0,154,2,179,19,105
DEA56_2,294,4,543,16,364,19,377
DEA56_3,101,0,230,14,162,2,144
DEA56_4,28,3,53,3,83,6,41
DEA56_5,23,0,25,0,25,0,25
DEA56_6,30,0,47,2,91,8,41
DEA57_0,29,0,157,5,232,8,38
DEA57_1,87,6,160,5,190,6,94
DEA57_2,41,0,95,4,154,6,41
DEA57_3,120,3,302,16,284,26,160
DEA57_4,48,2,68,6,125,3,49
DEA57_5,45,0,82,15,140,10,71
DEA57_6,27,0,44,3,56,2,31
DEA58_0,69,0,101,11,91,11,92
DEA58_1,173,2,226,15,189,13,176
DEA58_2,16,0,29,0,32,5,22
DEA58_3,33,0,53,0,83,12,37
DEA58_4,41,0,79,3,62,5,51
DEA58_5,78,0,186,2,156,10,141
DEA58_6,87,5,236,1,158,8,126
DEA58_7,10,0,27,0,21,2,16
DEA59_0,44,0,114,4,86,8,62
DEA59_1,24,0,44,0,44,6,30
DEA59_2,59,2,110,5,118,7,71
DEA59_3,31,0,60,3,58,8,50
DEA59_4,16,0,23,0,22,1,15
DEA5A_0,228,74,479,44,295,29,324
DEA5A_1,40,2,103,1,82,13,60
DEA5A_2,24,2,59,0,63,4,29
DEA5A_3,40,0,63,1,76,9,59
DEA5A_4,13,0,52,7,53,4,29
DEA5B_0,131,5,273,7,280,22,177
DEA5B_1,147,17,219,15,201,16,179
DEA5B_2,55,0,110,3,87,7,86
DEA5B_3,41,2,18,1,56,2,17
DEA5B_4,46,0,51,1,81,5,42
DEA5B_5,57,0,85,16,93,5,56
DEA5B_6,31,0,54,1,55,1,37
DEA5C_0,55,0,159,1,87,9,81
DEA5C_1,116,0,272,1,208,11,150
DEA5C_2,117,0,230,4,179,13,151
DEA5C_3,102,3,232,8,162,12,138
DEA5C_4,21,0,20,0,30,2,27
DEA5C_5,57,0,74,5,83,7,50
DEB11_0,122,19,295,25,330,22,195
DEB12_0,22,0,79,3,94,8,36
DEB12_1,22,0,50,2,95,2,16
DEB12_2,67,13,117,23,175,7,89
DEB12_3,20,0,31,2,98,6,18
DEB12_4,21,0,18,0,62,2,19
DEB12_5,23,1,51,1,74,6,32
DEB13_0,43,1,76,4,112,5,48
DEB13_1,24,0,61,0,42,2,34
DEB13_2,15,0,24,1,24,4,22
DEB13_3,10,0,12,0,19,3,9
DEB13_4,39,0,58,2,71,4,33
DEB13_5,18,0,29,3,41,3,23
DEB14_0,197,0,103,2,241,7,114
DEB14_1,69,0,63,4,164,3,41
DEB14_2,97,1,205,14,203,8,121
DEB14_3,31,0,28,6,67,2,38
DEB15_0,36,0,86,8,86,5,63
DEB15_1,15,2,65,5,92,7,31
DEB15_2,29,0,38,10,73,4,41
DEB17_0,40,1,108,0,123,6,59
DEB17_1,43,0,175,18,142,6,75
DEB17_2,25,7,61,3,87,5,38
DEB17_3,88,0,65,0,152,2,47
DEB17_4,26,0,36,0,71,2,34
DEB17_5,24,0,13,0,64,3,27
DEB17_6,32,0,114,3,59,4,31
DEB18_0,18,0,43,2,54,4,23
DEB18_1,63,0,111,7,142,10,62
DEB18_2,88,1,226,16,320,15,127
DEB18_3,27,0,53,6,109,7,29
DEB18_4,39,1,31,1,67,2,17
DEB1A_0,53,0,85,5,154,7,59
DEB1A_1,34,0,42,0,135,3,34
DEB1A_2,40,0,60,21,135,7,64
DEB1A_3,18,0,36,6,86,4,24
DEB1A_4,44,0,51,2,61,3,30
DEB1B_0,53,1,254,3,136,10,60
DEB1B_1,56,0,92,0,148,10,66
DEB1B_2,15,0,40,0,52,3,18
DEB1B_3,117,1,265,5,182,28,150
DEB1B_4,35,1,80,0,75,5,43
DEB1B_5,33,0,94,3,103,10,28
DEB1C_0,298,0,175,7,399,10,122
DEB1C_1,64,0,48,18,96,2,42
DEB1C_2,79,0,52,2,84,2,26
DEB1D_0,61,0,95,9,236,9,70
DEB1D_1,29,4,45,1,111,4,33
DEB1D_2,40,0,72,2,88,8,48
DEB1D_3,7,0,42,1,73,4,12
DEB21_0,228,43,528,43,355,17,312
DEB22_0,416,1,161,13,403,8,145
DEB22_1,124,0,142,8,258,8,113
DEB22_2,12,0,12,0,51,1,14
DEB22_3,15,0,39,0,43,2,22
DEB23_0,67,0,102,3,134,8,83
DEB23_1,14,0,22,6,42,1,18
DEB23_2,43,0,71,1,79,6,56
DEB23_3,13,0,19,0,55,3,14
DEB23_4,23,0,43,2,138,6,28
DEB24_0,68,0,103,9,179,6,61
DEB24_1,10,0,20,0,60,2,8
DEB24_2,63,0,63,8,169,8,58
DEB25_0,223,1,121,1,219,13,97
DEB25_1,311,1,173,5,277,9,156
DEB25_2,30,0,30,0,79,3,30
DEB25_3,24,0,45,1,105,2,34
DEB31_0,58,0,131,4,118,8,85
DEB32_0,203,64,403,10,345,18,232
DEB34_0,207,6,444,34,453,17,313
DEB35_0,352,148,847,79,578,37,612
DEB36_0,117,0,142,4,183,7,111
DEB37_0,41,8,88,4,92,8,61
DEB38_0,107,23,224,17,234,12,179
DEB39_0,142,19,274,6,268,11,162
DEB3A_0,35,4,164,8,67,3,44
DEB3B_0,100,0,64,1,114,4,54
DEB3B_1,136,1,129,11,130,10,127
DEB3B_2,50,0,28,0,157,3,37
DEB3B_3,49,0,34,0,43,2,16
DEB3B_4,66,0,78,0,62,8,63
DEB3C_0,110,0,141,5,174,8,74
DEB3C_1,19,0,23,0,49,1,20
DEB3C_2,81,0,41,1,119,5,24
DEB3C_3,31,0,84,2,63,4,33
DEB3C_4,50,0,86,23,94,1,61
DEB3D_0,49,0,54,1,87,6,39
DEB3D_1,28,0,46,4,74,4,32
DEB3D_2,22,0,20,0,56,2,25
DEB3D_3,35,0,50,2,80,2,44
DEB3E_0,47,1,96,4,118,1,56
DEB3E_1,38,0,106,1,172,4,57
DEB3E_2,43,0,76,0,194,5,38
DEB3E_3,32,0,62,2,114,4,28
DEB3E_4,22,0,37,1,38,4,14
DEB3F_0,38,0,85,3,127,4,47
DEB3F_1,38,0,68,3,99,3,47
DEB3F_2,42,1,41,0,88,3,28
DEB3F_3,24,0,28,1,148,3,35
DEB3F_4,14,0,13,0,16,1,18
DEB3G_0,45,0,83,8,112,7,59
DEB3G_1,18,1,32,1,62,2,20
DEB3G_2,22,0,62,1,73,2,22
DEB3H_0,72,0,119,1,83,5,60
DEB3H_1,179,6,231,9,220,14,115
DEB3H_2,199,5,87,11,218,6,92
DEB3H_3,56,0,77,8,146,6,47
DEB3H_4,34,0,29,2,76,6,45
DEB3I_0,59,0,147,4,113,14,103
DEB3I_1,44,0,45,0,83,4,31
DEB3I_2,62,0,90,1,112,2,55
DEB3I_3,27,0,47,2,50,2,28
DEB3I_4,12,0,26,0,32,1,15
DEB3I_5,13,0,23,0,23,0,9
DEB3I_6,16,0,26,1,32,4,14
DEB3J_0,133,0,159,3,147,9,113
DEB3J_1,56,7,118,6,97,7,75
DEB3J_2,25,1,29,0,60,5,24
DEB3J_3,60,1,94,1,86,4,71
DEB3J_4,98,0,150,9,174,7,98
DEB3J_5,9,0,21,0,19,0,11
DEB3K_0,17,0,48,1,72,1,28
DEB3K_1,22,0,18,1,71,1,20
DEB3K_2,8,0,18,0,52,2,11
DEB3K_3,22,0,65,0,62,4,10
DEB3K_4,35,0,59,3,223,8,28
DEB3K_5,13,0,23,0,63,2,16
DEC01_0,60,0,94,3,112,8,73
DEC01_1,38,0,82,3,85,7,59
DEC01_2,44,0,110,5,103,6,70
DEC01_3,18,0,38,0,63,1,17
DEC01_4,297,126,791,49,750,49,471
DEC02_0,28,0,65,1,99,2,29
DEC02_1,31,0,34,0,61,0,7
DEC02_2,37,0,71,2,120,9,46
DEC02_3,17,0,38,4,63,5,18
DEC02_4,42,0,111,14,81,9,60
DEC03_0,58,1,213,7,261,11,68
DEC03_1,55,0,83,0,94,6,23
DEC03_2,24,0,53,0,58,2,20
DEC03_3,15,0,45,0,55,3,24
DEC03_4,24,0,40,1,89,4,14
DEC04_0,64,0,170,9,219,12,87
DEC04_1,61,0,104,6,132,5,72
DEC04_2,27,0,30,2,92,3,30
DEC04_3,25,0,52,0,57,3,23
DEC04_4,25,0,57,2,51,3,21
DEC04_5,25,0,67,3,64,6,24
DEC04_6,16,0,21,1,36,1,16
DEC05_0,40,0,84,1,117,2,48
DEC05_1,38,1,70,0,74,5,31
DEC05_2,35,1,90,5,89,5,44
DEC05_3,46,3,146,16,119,10,82
DEC05_4,12,0,21,0,47,1,13
DEC06_0,38,0,65,1,115,1,25
DEC06_1,28,0,54,3,67,4,26
DEC06_2,41,1,124,8,134,5,55
DEC06_3,11,0,26,0,48,2,10
DEC06_4,10,0,34,0,38,1,12
DED21_0,882,139,2177,106,1596,105,1227
DED2C_0,54,0,117,11,125,17,59
DED2C_1,45,2,99,2,89,13,60
DED2C_10,18,0,39,0,31,4,13
DED2C_11,10,0,25,0,48,0,12
DED2C_12,60,0,103,6,146,14,63
DED2C_2,77,1,314,10,173,20,170
DED2C_3,20,0,40,0,50,4,24
DED2C_4,50,1,108,5,180,16,64
DED2C_5,29,0,69,1,39,1,29
DED2C_6,20,0,23,1,31,4,18
DED2C_7,32,1,82,3,58,13,25
DED2C_8,16,0,37,0,61,1,18
DED2C_9,14,0,26,0,45,2,19
DED2D_0,28,0,97,13,108,12,45
DED2D_1,67,0,125,25,105,8,77
DED2D_2,21,1,61,4,71,14,33
DED2D_3,39,0,99,2,139,19,42
DED2D_4,55,28,199,4,230,19,88
DED2D_5,81,6,252,35,192,15,137
DED2D_6,15,1,29,3,59,12,21
DED2D_7,15,0,37,1,19,5,15
DED2D_8,30,0,59,2,289,16,27
DED2E_0,48,0,70,3,105,6,49
DED2E_1,61,3,119,5,77,7,74
DED2E_2,96,2,211,4,171,12,102
DED2E_3,74,1,167,14,88,13,105
DED2E_4,9,0,33,0,8,3,8
DED2E_5,198,1,358,15,352,25,193
DED2E_6,13,0,30,0,19,3,14
DED2E_7,23,0,50,2,35,4,19
DED2E_8,23,0,32,0,28,2,22
DED2F_0,52,0,65,0,229,16,23
DED2F_1,195,5,252,15,283,18,183
DED2F_2,135,3,279,25,389,15,183
DED2F_3,58,0,108,2,106,13,57
DED2F_4,54,0,62,2,161,8,36
DED2F_5,108,3,108,1,135,14,79
DED2F_6,57,5,92,1,195,7,43
DED2F_7,41,0,95,7,174,12,55
DED41_0,305,42,1081,90,968,48,577
DED42_0,35,0,118,1,112,15,34
DED42_1,44,0,84,6,104,8,44
DED42_10,66,0,122,6,82,10,55
DED42_11,71,1,127,9,115,15,74
DED42_12,7,0,14,0,20,1,9
DED42_13,34,0,95,4,86,7,54
DED42_2,56,0,134,4,149,14,47
DED42_3,56,0,101,1,80,17,38
DED42_4,55,0,82,3,81,11,33
DED42_5,83,0,239,7,122,11,87
DED42_6,47,0,88,1,139,8,37
DED42_7,24,0,66,1,115,11,18
DED42_8,38,0,38,2,44,4,21
DED42_9,48,0,98,2,65,4,40
DED43_0,180,56,335,10,240,21,179
DED43_1,34,0,53,25,107,7,66
DED43_10,8,0,15,1,29,0,8
DED43_11,41,29,119,29,103,6,87
DED43_12,39,0,59,1,57,6,16
DED43_2,119,0,213,3,218,16,98
DED43_3,60,0,108,2,80,8,49
DED43_4,44,0,63,1,98,4,19
DED43_5,42,0,45,1,46,5,26
DED43_6,77,0,102,4,195,13,70
DED43_7,14,0,31,1,86,3,15
DED43_8,50,0,101,2,43,5,46
DED43_9,37,0,97,1,117,3,41
DED44_0,64,1,147,22,223,19,81
DED44_1,24,1,70,8,105,21,38
DED44_2,48,0,49,0,74,7,28
DED44_3,32,1,71,1,144,16,37
DED44_4,194,8,313,41,232,23,289
DED44_5,41,1,101,4,194,10,47
DED44_6,19,0,30,0,60,5,16
DED44_7,21,0,40,1,66,6,24
DED45_0,85,4,206,3,556,16,92
DED45_1,65,0,157,10,159,6,76
DED45_2,220,20,428,32,251,21,233
DED45_3,72,2,196,19,232,10,104
DED45_4,33,0,93,4,54,5,45
DED45_5,74,0,101,5,209,8,50
DED45_6,33,0,81,0,112,6,30
DED45_7,3,0,10,0,29,2,4
DED51_0,740,99,1890,166,2251,110,1125
DED52_0,109,0,144,5,148,14,76
DED52_1,59,0,128,3,110,10,91
DED52_2,94,1,108,4,532,11,88
DED52_3,49,0,88,6,76,10,45
DED52_4,63,1,91,4,170,6,63
DED52_5,61,0,133,8,177,10,87
DED52_6,69,0,115,2,150,12,52
DED52_7,32,0,28,0,50,6,22
DED52_8,15,0,34,1,81,5,21
DED52_9,11,0,17,2,23,0,16
DED53_0,37,0,73,5,59,2,35
DED53_1,35,1,48,8,66,3,39
DED53_2,40,0,98,3,124,4,58
DED53_3,23,0,22,1,33,2,11
DED53_4,68,0,95,8,108,11,62
DED53_5,45,0,43,2,54,4,48
DED53_6,24,0,55,4,123,5,34
DED53_7,10,0,6,0,24,1,9
DED53_8,18,0,35,0,77,3,15
DED53_9,40,1,100,5,110,6,55
DEE01_0,97,15,388,21,584,20,136
DEE02_0,221,112,719,74,962,41,429
DEE03_0,325,53,861,64,679,48,518
DEE04_0,17,0,31,1,74,4,21
DEE04_1,26,0,34,1,68,5,20
DEE04_2,25,0,65,4,65,5,36
DEE04_3,42,0,102,0,83,7,61
DEE04_4,11,0,26,0,30,4,12
DEE05_0,117,5,193,1,93,6,90
DEE05_1,57,0,210,8,321,23,77
DEE05_2,16,0,39,2,146,5,27
DEE05_3,19,0,37,1,107,4,20
DEE05_4,22,0,41,0,73,4,24
DEE06_0,52,2,149,12,451,3,87
DEE06_1,14,0,30,5,55,4,25
DEE06_2,29,0,62,4,60,6,24
DEE06_3,9,0,17,0,24,1,8
DEE06_4,8,0,13,0,24,2,8
DEE07_0,75,0,88,1,208,5,68
DEE07_1,74,3,83,3,141,4,54
DEE07_2,67,0,78,1,87,4,47
DEE07_3,138,3,104,8,345,3,110
DEE07_4,42,0,25,0,72,2,25
DEE07_5,24,0,23,0,24,0,14
DEE07_6,24,0,36,0,40,0,22
DEE08_0,73,0,131,6,141,20,67
DEE08_1,47,0,127,14,165,7,78
DEE08_2,69,2,218,7,249,15,96
DEE08_3,27,0,38,1,78,7,32
DEE08_4,10,0,24,1,56,5,11
DEE08_5,8,0,12,0,29,2,8
DEE09_0,58,1,159,13,211,11,75
DEE09_1,40,2,136,9,117,9,58
DEE09_2,42,1,127,4,179,20,68
DEE09_3,85,11,203,8,246,12,84
DEE09_4,39,0,47,1,108,5,22
DEE09_5,7,0,17,0,38,3,8
DEE09_6,19,0,27,1,43,1,11
DEE09_7,31,0,45,1,53,4,29
DEE0A_0,29,0,78,3,119,8,25
DEE0A_1,66,0,55,1,115,6,62
DEE0A_2,18,0,24,0,60,5,18
DEE0A_3,32,0,79,7,139,11,32
DEE0A_4,19,0,35,2,41,9,21
DEE0A_5,15,0,12,0,65,2,11
DEE0B_0,78,0,111,2,215,7,76
DEE0B_1,41,0,93,1,102,7,44
DEE0B_2,25,1,51,4,95,6,29
DEE0B_3,30,1,55,0,87,4,39
DEE0B_4,25,0,85,5,59,6,26
DEE0B_5,25,7,122,7,125,9,54
DEE0B_6,18,0,15,0,27,3,17
DEE0C_0,20,0,55,1,91,3,24
DEE0C_1,49,0,132,12,131,9,64
DEE0C_2,20,0,65,0,221,4,29
DEE0C_3,51,9,139,2,192,6,80
DEE0C_4,14,0,21,1,20,2,11
DEE0C_5,21,0,46,0,158,3,31
DEE0C_6,28,1,77,5,75,4,51
DEE0D_0,31,0,40,0,80,1,33
DEE0D_1,43,0,63,4,91,5,41
DEE0D_2,70,6,223,48,192,15,147
DEE0D_3,15,0,12,0,37,1,13
DEE0D_4,13,0,23,0,47,3,17
DEE0E_0,49,1,152,4,179,11,65
DEE0E_1,21,0,61,2,70,9,29
DEE0E_2,20,0,58,1,129,6,28
DEE0E_3,17,0,34,0,57,2,21
DEE0E_4,12,0,28,0,24,3,11
DEE0E_5,7,0,37,1,58,0,10
DEF01_0,138,40,366,6,232,19,196
DEF02_0,373,119,847,89,533,40,545
DEF03_0,420,39,857,63,655,42,528
DEF04_0,146,0,256,24,143,9,192
DEF05_0,96,1,165,2,125,16,103
DEF05_1,123,0,133,0,155,21,104
DEF05_2,21,0,70,1,92,14,18
DEF05_3,33,0,39,0,52,2,26
DEF05_4,33,1,47,2,35,5,31
DEF06_0,22,0,39,0,56,4,23
DEF06_1,41,0,129,3,125,10,57
DEF06_2,15,0,39,0,51,3,18
DEF06_3,61,0,128,8,111,4,80
DEF06_4,26,0,85,3,131,10,33
DEF06_5,31,0,56,3,69,1,38
DEF06_6,9,0,25,1,16,0,11
DEF07_0,108,0,220,16,230,17,129
DEF07_1,20,0,125,1,142,8,39
DEF07_2,57,1,73,1,67,5,51
DEF07_3,24,0,138,9,167,9,28
DEF07_4,63,1,123,1,142,6,68
DEF07_5,8,0,15,0,19,1,9
DEF08_0,67,1,192,15,161,14,90
DEF08_1,27,0,33,0,33,0,19
DEF08_2,43,3,94,2,97,5,41
DEF08_3,22,0,77,0,97,8,18
DEF08_4,47,0,145,7,152,8,71
DEF08_5,7,0,96,1,73,1,7
DEF08_6,39,0,91,4,51,2,52
DEF08_7,29,0,121,4,126,8,33
DEF08_8,39,0,128,8,111,8,50
DEF08_9,41,0,96,2,121,7,50
DEF09_0,55,0,118,2,221,3,72
DEF09_1,87,0,256,12,141,4,114
DEF09_2,26,0,33,0,99,3,30
DEF09_3,59,0,168,2,86,3,66
DEF09_4,100,8,281,12,112,7,137
DEF09_5,8,0,8,0,7,0,4
DEF09_6,34,3,95,2,51,4,44
DEF0A_0,56,1,88,2,85,6,71
DEF0A_1,62,0,115,4,147,5,63
DEF0A_2,15,0,11,0,22,0,16
DEF0A_3,22,0,38,1,106,3,29
DEF0A_4,27,1,44,0,92,3,34
DEF0A_5,47,1,113,3,67,5,66
DEF0B_0,110,7,204,12,175,8,124
DEF0B_1,35,0,45,0,68,5,29
DEF0B_2,59,0,49,1,82,3,56
DEF0B_3,55,1,84,9,98,6,52
DEF0B_4,32,1,90,1,50,1,51
DEF0B_5,74,0,198,1,160,10,68
DEF0B_6,50,0,84,1,77,3,52
DEF0B_7,25,0,16,0,34,2,15
DEF0C_0,107,1,194,0,149,5,72
DEF0C_1,59,0,110,1,90,4,56
DEF0C_2,45,0,87,0,85,4,63
DEF0C_3,23,1,54,0,34,0,24
DEF0C_4,71,0,191,5,137,14,101
DEF0C_5,34,0,39,3,36,5,31
DEF0C_6,16,0,27,0,28,2,26
DEF0D_0,76,2,140,19,179,9,96
DEF0D_1,52,0,93,7,88,4,68
DEF0D_2,41,0,63,0,87,8,45
DEF0D_3,112,0,209,12,147,9,129
DEF0D_4,9,0,21,1,26,3,14
DEF0D_5,9,0,18,0,25,3,9
DEF0D_6,66,2,129,3,80,5,64
DEF0E_0,136,1,142,4,125,6,155
DEF0E_1,56,0,42,0,37,2,42
DEF0E_2,23,0,34,2,35,4,24
DEF0E_3,33,0,51,1,50,3,25
DEF0E_4,13,0,16,0,25,3,11
DEF0E_5,23,0,43,3,47,4,22
DEF0F_0,131,2,203,4,188,16,174
DEF0F_1,46,0,73,2,61,4,52
DEF0F_2,115,1,155,10,117,4,106
DEF0F_3,13,0,14,0,15,5,4
DEF0F_4,17,0,44,0,40,2,16
DEF0F_5,37,5,50,0,40,3,34
DEF0F_6,19,0,40,6,46,2,34
DEG01_0,357,43,823,24,633,41,504
DEG02_0,143,4,362,16,244,20,205
DEG03_0,187,127,435,73,330,32,311
DEG04_0,55,0,142,6,131,13,79
DEG05_0,112,60,258,14,361,22,150
DEG06_0,46,0,168,6,80,7,75
DEG06_1,13,0,25,0,29,3,19
DEG06_2,37,0,23,0,37,4,20
DEG06_3,19,0,33,0,37,1,16
DEG06_4,38,0,59,6,68,5,49
DEG06_5,20,0,38,10,45,2,27
DEG06_6,9,0,6,0,23,1,5
DEG07_0,113,18,194,16,191,19,127
DEG07_1,39,0,58,3,100,4,39
DEG07_2,13,0,12,0,35,0,11
DEG07_3,12,0,12,0,7,0,13
DEG07_4,9,0,14,0,24,1,6
DEG07_5,2,0,3,0,20,0,3
DEG09_0,59,1,168,14,160,9,92
DEG09_1,10,0,14,0,21,0,7
DEG09_2,13,0,23,1,34,1,13
DEG09_3,12,0,19,0,36,1,12
DEG09_4,34,0,31,1,37,2,25
DEG09_5,23,0,57,4,48,3,34
DEG09_6,10,0,13,2,40,1,10
DEG0A_0,44,0,98,7,113,11,73
DEG0A_1,34,0,128,1,109,18,54
DEG0A_2,11,0,21,1,19,2,17
DEG0A_3,22,0,72,21,114,9,54
DEG0A_4,3,0,5,0,8,0,1
DEG0A_5,3,0,6,0,28,1,1
DEG0B_0,26,0,35,0,43,2,33
DEG0B_1,41,0,110,3,110,12,44
DEG0B_2,64,1,188,16,259,17,117
DEG0B_3,93,13,158,6,122,8,80
DEG0B_4,30,0,46,1,63,7,14
DEG0B_5,20,0,41,0,53,1,25
DEG0C_0,28,0,68,10,68,7,48
DEG0C_1,58,0,38,0,71,3,40
DEG0C_2,37,0,94,3,102,9,40
DEG0C_3,104,8,227,6,102,11,126
DEG0C_4,34,0,21,1,30,4,26
DEG0C_5,29,0,29,0,45,3,25
DEG0D_0,43,0,73,5,64,3,69
DEG0D_1,4,0,16,0,38,4,7
DEG0D_2,31,0,24,0,24,6,29
DEG0D_3,22,0,28,0,22,0,20
DEG0D_4,14,0,33,0,30,3,21
DEG0D_5,22,0,11,1,18,0,17
DEG0E_0,21,0,109,20,74,11,51
DEG0E_1,13,0,9,1,4,2,9
DEG0E_2,19,0,42,0,79,8,19
DEG0E_3,19,0,28,0,56,1,15
DEG0E_4,6,0,13,1,31,2,7
DEG0E_5,16,0,30,0,27,1,14
DEG0F_0,132,34,276,13,200,13,156
DEG0F_1,24,0,39,0,26,4,20
DEG0F_2,85,0,39,0,65,2,33
DEG0F_3,44,1,135,9,104,12,74
DEG0G_0,48,1,57,6,95,6,35
DEG0G_1,35,0,69,14,59,5,45
DEG0G_2,21,1,37,3,53,3,28
DEG0G_3,14,0,14,0,34,1,10
DEG0G_4,7,0,22,1,36,5,11
DEG0H_0,15,0,51,3,59,7,21
DEG0H_1,41,0,102,7,75,10,58
DEG0H_2,14,0,22,0,11,3,12
DEG0H_3,8,0,15,4,13,2,14
DEG0H_4,5,0,13,0,15,2,4
DEG0I_0,79,2,123,14,123,7,97
DEG0I_1,41,0,44,1,98,7,31
DEG0I_2,20,0,26,3,71,4,25
DEG0I_3,85,0,146,2,161,17,92
DEG0I_4,17,0,29,9,27,3,18
DEG0J_0,37,0,32,0,41,3,23
DEG0J_1,46,1,65,2,53,6,38
DEG0J_2,22,0,62,1,59,5,30
DEG0J_3,36,0,60,2,118,5,41
DEG0J_4,14,0,33,20,39,0,46
DEG0K_0,9,0,18,0,20,3,7
DEG0K_1,19,0,50,0,61,6,29
DEG0K_2,16,0,52,4,102,7,30
DEG0K_3,43,0,96,3,63,3,39
DEG0K_4,20,0,61,4,41,5,23
DEG0K_5,14,0,20,0,28,7,12
DEG0L_0,41,0,72,0,93,5,41
DEG0L_1,47,0,127,11,59,6,69
DEG0L_2,34,0,67,3,57,4,37
DEG0L_3,29,0,19,0,38,5,19
DEG0L_4,29,0,39,0,30,5,28
DEG0L_5,18,0,9,0,15,1,13
DEG0L_6,9,0,16,1,5,0,8
DEG0M_0,92,0,86,2,60,3,34
DEG0M_1,62,1,50,3,74,4,30
DEG0M_2,115,1,138,7,96,6,89
DEG0M_3,21,0,20,0,22,2,10
DEG0M_4,46,0,31,0,23,3,11
DEG0N_0,61,4,174,17,169,13,90
DEG0P_0,55,0,187,12,131,12,50
DEG0P_1,26,0,47,1,97,16,28
DEG0P_2,11,0,49,0,68,4,20
DEG0P_3,46,0,78,0,76,6,37
DEG0P_4,48,0,44,1,69,12,35
DEG0P_5,22,0,49,2,53,6,27
DEG0P_6,14,0,15,0,40,3,13
outer_1,16,1,91,6,145,14,25
outer_2,17,0,44,1,66,4,16
DEF07_99,61,0,292,22,263,28,69
